DATAFLOW,LAST UPDATE,freq,na_item,unit,geo,TIME_PERIOD,OBS_VALUE,OBS_FLAG
ESTAT:TEC00001(1.0),27/01/23 11:00:00,A,B1GQ,CP_EUR_HAB,AL,2011,3190,
ESTAT:TEC00001(1.0),27/01/23 11:00:00,A,B1GQ,CP_EUR_HAB,AL,2012,3300,
ESTAT:TEC00001(1.0),27/01/23 11:00:00,A,B1GQ,CP_EUR_HAB,AL,2013,3320,
ESTAT:TEC00001(1.0),27/01/23 11:00:00,A,B1GQ,CP_EUR_HAB,AL,2014,3450,
ESTAT:TEC00001(1.0),27/01/23 11:00:00,A,B1GQ,CP_EUR_HAB,AL,2015,3560,
ESTAT:TEC00001(1.0),27/01/23 11:00:00,A,B1GQ,CP_EUR_HAB,AL,2016,3730,
ESTAT:TEC00001(1.0),27/01/23 11:00:00,A,B1GQ,CP_EUR_HAB,AL,2017,4020,
ESTAT:TEC00001(1.0),27/01/23 11:00:00,A,B1GQ,CP_EUR_HAB,AL,2018,4480,
ESTAT:TEC00001(1.0),27/01/23 11:00:00,A,B1GQ,CP_EUR_HAB,AL,2019,4820,
ESTAT:TEC00001(1.0),27/01/23 11:00:00,A,B1GQ,CP_EUR_HAB,AL,2020,4680,p
ESTAT:TEC00001(1.0),27/01/23 11:00:00,A,B1GQ,CP_EUR_HAB,AL,2021,5490,e
ESTAT:TEC00001(1.0),27/01/23 11:00:00,A,B1GQ,CP_EUR_HAB,AT,2011,36970,
ESTAT:TEC00001(1.0),27/01/23 11:00:00,A,B1GQ,CP_EUR_HAB,AT,2012,37820,
ESTAT:TEC00001(1.0),27/01/23 11:00:00,A,B1GQ,CP_EUR_HAB,AT,2013,38210,
ESTAT:TEC00001(1.0),27/01/23 11:00:00,A,B1GQ,CP_EUR_HAB,AT,2014,38990,
ESTAT:TEC00001(1.0),27/01/23 11:00:00,A,B1GQ,CP_EUR_HAB,AT,2015,39890,
ESTAT:TEC00001(1.0),27/01/23 11:00:00,A,B1GQ,CP_EUR_HAB,AT,2016,40920,
ESTAT:TEC00001(1.0),27/01/23 11:00:00,A,B1GQ,CP_EUR_HAB,AT,2017,42000,
ESTAT:TEC00001(1.0),27/01/23 11:00:00,A,B1GQ,CP_EUR_HAB,AT,2018,43590,
ESTAT:TEC00001(1.0),27/01/23 11:00:00,A,B1GQ,CP_EUR_HAB,AT,2019,44740,
ESTAT:TEC00001(1.0),27/01/23 11:00:00,A,B1GQ,CP_EUR_HAB,AT,2020,42730,
ESTAT:TEC00001(1.0),27/01/23 11:00:00,A,B1GQ,CP_EUR_HAB,AT,2021,45370,
ESTAT:TEC00001(1.0),27/01/23 11:00:00,A,B1GQ,CP_EUR_HAB,BE,2011,34060,
ESTAT:TEC00001(1.0),27/01/23 11:00:00,A,B1GQ,CP_EUR_HAB,BE,2012,34770,
ESTAT:TEC00001(1.0),27/01/23 11:00:00,A,B1GQ,CP_EUR_HAB,BE,2013,35210,
ESTAT:TEC00001(1.0),27/01/23 11:00:00,A,B1GQ,CP_EUR_HAB,BE,2014,35950,
ESTAT:TEC00001(1.0),27/01/23 11:00:00,A,B1GQ,CP_EUR_HAB,BE,2015,36960,
ESTAT:TEC00001(1.0),27/01/23 11:00:00,A,B1GQ,CP_EUR_HAB,BE,2016,37960,
ESTAT:TEC00001(1.0),27/01/23 11:00:00,A,B1GQ,CP_EUR_HAB,BE,2017,39130,
ESTAT:TEC00001(1.0),27/01/23 11:00:00,A,B1GQ,CP_EUR_HAB,BE,2018,40260,
ESTAT:TEC00001(1.0),27/01/23 11:00:00,A,B1GQ,CP_EUR_HAB,BE,2019,41660,
ESTAT:TEC00001(1.0),27/01/23 11:00:00,A,B1GQ,CP_EUR_HAB,BE,2020,39830,p
ESTAT:TEC00001(1.0),27/01/23 11:00:00,A,B1GQ,CP_EUR_HAB,BE,2021,43330,p
ESTAT:TEC00001(1.0),27/01/23 11:00:00,A,B1GQ,CP_EUR_HAB,BG,2011,5640,
ESTAT:TEC00001(1.0),27/01/23 11:00:00,A,B1GQ,CP_EUR_HAB,BG,2012,5780,
ESTAT:TEC00001(1.0),27/01/23 11:00:00,A,B1GQ,CP_EUR_HAB,BG,2013,5790,
ESTAT:TEC00001(1.0),27/01/23 11:00:00,A,B1GQ,CP_EUR_HAB,BG,2014,5960,
ESTAT:TEC00001(1.0),27/01/23 11:00:00,A,B1GQ,CP_EUR_HAB,BG,2015,6380,
ESTAT:TEC00001(1.0),27/01/23 11:00:00,A,B1GQ,CP_EUR_HAB,BG,2016,6840,
ESTAT:TEC00001(1.0),27/01/23 11:00:00,A,B1GQ,CP_EUR_HAB,BG,2017,7420,
ESTAT:TEC00001(1.0),27/01/23 11:00:00,A,B1GQ,CP_EUR_HAB,BG,2018,8000,
ESTAT:TEC00001(1.0),27/01/23 11:00:00,A,B1GQ,CP_EUR_HAB,BG,2019,8820,
ESTAT:TEC00001(1.0),27/01/23 11:00:00,A,B1GQ,CP_EUR_HAB,BG,2020,8890,
ESTAT:TEC00001(1.0),27/01/23 11:00:00,A,B1GQ,CP_EUR_HAB,BG,2021,10330,
ESTAT:TEC00001(1.0),27/01/23 11:00:00,A,B1GQ,CP_EUR_HAB,CH,2011,65190,
ESTAT:TEC00001(1.0),27/01/23 11:00:00,A,B1GQ,CP_EUR_HAB,CH,2012,66780,
ESTAT:TEC00001(1.0),27/01/23 11:00:00,A,B1GQ,CP_EUR_HAB,CH,2013,65730,
ESTAT:TEC00001(1.0),27/01/23 11:00:00,A,B1GQ,CP_EUR_HAB,CH,2014,66920,
ESTAT:TEC00001(1.0),27/01/23 11:00:00,A,B1GQ,CP_EUR_HAB,CH,2015,75530,
ESTAT:TEC00001(1.0),27/01/23 11:00:00,A,B1GQ,CP_EUR_HAB,CH,2016,74260,
ESTAT:TEC00001(1.0),27/01/23 11:00:00,A,B1GQ,CP_EUR_HAB,CH,2017,72860,
ESTAT:TEC00001(1.0),27/01/23 11:00:00,A,B1GQ,CP_EUR_HAB,CH,2018,72150,
ESTAT:TEC00001(1.0),27/01/23 11:00:00,A,B1GQ,CP_EUR_HAB,CH,2019,75150,
ESTAT:TEC00001(1.0),27/01/23 11:00:00,A,B1GQ,CP_EUR_HAB,CH,2020,75120,
ESTAT:TEC00001(1.0),27/01/23 11:00:00,A,B1GQ,CP_EUR_HAB,CH,2021,77750,
ESTAT:TEC00001(1.0),27/01/23 11:00:00,A,B1GQ,CP_EUR_HAB,CY,2011,23340,
ESTAT:TEC00001(1.0),27/01/23 11:00:00,A,B1GQ,CP_EUR_HAB,CY,2012,22570,
ESTAT:TEC00001(1.0),27/01/23 11:00:00,A,B1GQ,CP_EUR_HAB,CY,2013,20930,
ESTAT:TEC00001(1.0),27/01/23 11:00:00,A,B1GQ,CP_EUR_HAB,CY,2014,20510,
ESTAT:TEC00001(1.0),27/01/23 11:00:00,A,B1GQ,CP_EUR_HAB,CY,2015,21170,
ESTAT:TEC00001(1.0),27/01/23 11:00:00,A,B1GQ,CP_EUR_HAB,CY,2016,22330,
ESTAT:TEC00001(1.0),27/01/23 11:00:00,A,B1GQ,CP_EUR_HAB,CY,2017,23630,
ESTAT:TEC00001(1.0),27/01/23 11:00:00,A,B1GQ,CP_EUR_HAB,CY,2018,24910,
ESTAT:TEC00001(1.0),27/01/23 11:00:00,A,B1GQ,CP_EUR_HAB,CY,2019,26280,
ESTAT:TEC00001(1.0),27/01/23 11:00:00,A,B1GQ,CP_EUR_HAB,CY,2020,24550,
ESTAT:TEC00001(1.0),27/01/23 11:00:00,A,B1GQ,CP_EUR_HAB,CY,2021,26680,p
ESTAT:TEC00001(1.0),27/01/23 11:00:00,A,B1GQ,CP_EUR_HAB,CZ,2011,15740,
ESTAT:TEC00001(1.0),27/01/23 11:00:00,A,B1GQ,CP_EUR_HAB,CZ,2012,15470,
ESTAT:TEC00001(1.0),27/01/23 11:00:00,A,B1GQ,CP_EUR_HAB,CZ,2013,15170,
ESTAT:TEC00001(1.0),27/01/23 11:00:00,A,B1GQ,CP_EUR_HAB,CZ,2014,15000,
ESTAT:TEC00001(1.0),27/01/23 11:00:00,A,B1GQ,CP_EUR_HAB,CZ,2015,16080,
ESTAT:TEC00001(1.0),27/01/23 11:00:00,A,B1GQ,CP_EUR_HAB,CZ,2016,16790,
ESTAT:TEC00001(1.0),27/01/23 11:00:00,A,B1GQ,CP_EUR_HAB,CZ,2017,18330,
ESTAT:TEC00001(1.0),27/01/23 11:00:00,A,B1GQ,CP_EUR_HAB,CZ,2018,19850,
ESTAT:TEC00001(1.0),27/01/23 11:00:00,A,B1GQ,CP_EUR_HAB,CZ,2019,21150,
ESTAT:TEC00001(1.0),27/01/23 11:00:00,A,B1GQ,CP_EUR_HAB,CZ,2020,20170,
ESTAT:TEC00001(1.0),27/01/23 11:00:00,A,B1GQ,CP_EUR_HAB,CZ,2021,22270,
ESTAT:TEC00001(1.0),27/01/23 11:00:00,A,B1GQ,CP_EUR_HAB,DE,2011,33550,
ESTAT:TEC00001(1.0),27/01/23 11:00:00,A,B1GQ,CP_EUR_HAB,DE,2012,34130,
ESTAT:TEC00001(1.0),27/01/23 11:00:00,A,B1GQ,CP_EUR_HAB,DE,2013,34860,
ESTAT:TEC00001(1.0),27/01/23 11:00:00,A,B1GQ,CP_EUR_HAB,DE,2014,36150,
ESTAT:TEC00001(1.0),27/01/23 11:00:00,A,B1GQ,CP_EUR_HAB,DE,2015,37050,
ESTAT:TEC00001(1.0),27/01/23 11:00:00,A,B1GQ,CP_EUR_HAB,DE,2016,38070,
ESTAT:TEC00001(1.0),27/01/23 11:00:00,A,B1GQ,CP_EUR_HAB,DE,2017,39530,
ESTAT:TEC00001(1.0),27/01/23 11:00:00,A,B1GQ,CP_EUR_HAB,DE,2018,40590,
ESTAT:TEC00001(1.0),27/01/23 11:00:00,A,B1GQ,CP_EUR_HAB,DE,2019,41800,p
ESTAT:TEC00001(1.0),27/01/23 11:00:00,A,B1GQ,CP_EUR_HAB,DE,2020,40950,p
ESTAT:TEC00001(1.0),27/01/23 11:00:00,A,B1GQ,CP_EUR_HAB,DE,2021,43290,p
ESTAT:TEC00001(1.0),27/01/23 11:00:00,A,B1GQ,CP_EUR_HAB,DE,2022,46020,p
ESTAT:TEC00001(1.0),27/01/23 11:00:00,A,B1GQ,CP_EUR_HAB,DK,2011,44500,
ESTAT:TEC00001(1.0),27/01/23 11:00:00,A,B1GQ,CP_EUR_HAB,DK,2012,45530,
ESTAT:TEC00001(1.0),27/01/23 11:00:00,A,B1GQ,CP_EUR_HAB,DK,2013,46100,
ESTAT:TEC00001(1.0),27/01/23 11:00:00,A,B1GQ,CP_EUR_HAB,DK,2014,47090,
ESTAT:TEC00001(1.0),27/01/23 11:00:00,A,B1GQ,CP_EUR_HAB,DK,2015,48050,
ESTAT:TEC00001(1.0),27/01/23 11:00:00,A,B1GQ,CP_EUR_HAB,DK,2016,49420,
ESTAT:TEC00001(1.0),27/01/23 11:00:00,A,B1GQ,CP_EUR_HAB,DK,2017,51140,
ESTAT:TEC00001(1.0),27/01/23 11:00:00,A,B1GQ,CP_EUR_HAB,DK,2018,52180,
ESTAT:TEC00001(1.0),27/01/23 11:00:00,A,B1GQ,CP_EUR_HAB,DK,2019,53210,
ESTAT:TEC00001(1.0),27/01/23 11:00:00,A,B1GQ,CP_EUR_HAB,DK,2020,53480,
ESTAT:TEC00001(1.0),27/01/23 11:00:00,A,B1GQ,CP_EUR_HAB,DK,2021,57520,
ESTAT:TEC00001(1.0),27/01/23 11:00:00,A,B1GQ,CP_EUR_HAB,EA,2011,29470,
ESTAT:TEC00001(1.0),27/01/23 11:00:00,A,B1GQ,CP_EUR_HAB,EA,2012,29510,
ESTAT:TEC00001(1.0),27/01/23 11:00:00,A,B1GQ,CP_EUR_HAB,EA,2013,29750,
ESTAT:TEC00001(1.0),27/01/23 11:00:00,A,B1GQ,CP_EUR_HAB,EA,2014,30270,
ESTAT:TEC00001(1.0),27/01/23 11:00:00,A,B1GQ,CP_EUR_HAB,EA,2015,31070,
ESTAT:TEC00001(1.0),27/01/23 11:00:00,A,B1GQ,CP_EUR_HAB,EA,2016,31840,
ESTAT:TEC00001(1.0),27/01/23 11:00:00,A,B1GQ,CP_EUR_HAB,EA,2017,32960,
ESTAT:TEC00001(1.0),27/01/23 11:00:00,A,B1GQ,CP_EUR_HAB,EA,2018,33980,
ESTAT:TEC00001(1.0),27/01/23 11:00:00,A,B1GQ,CP_EUR_HAB,EA,2019,35000,
ESTAT:TEC00001(1.0),27/01/23 11:00:00,A,B1GQ,CP_EUR_HAB,EA,2020,33400,
ESTAT:TEC00001(1.0),27/01/23 11:00:00,A,B1GQ,CP_EUR_HAB,EA,2021,35890,
ESTAT:TEC00001(1.0),27/01/23 11:00:00,A,B1GQ,CP_EUR_HAB,EA19,2011,29180,
ESTAT:TEC00001(1.0),27/01/23 11:00:00,A,B1GQ,CP_EUR_HAB,EA19,2012,29230,
ESTAT:TEC00001(1.0),27/01/23 11:00:00,A,B1GQ,CP_EUR_HAB,EA19,2013,29480,
ESTAT:TEC00001(1.0),27/01/23 11:00:00,A,B1GQ,CP_EUR_HAB,EA19,2014,30120,
ESTAT:TEC00001(1.0),27/01/23 11:00:00,A,B1GQ,CP_EUR_HAB,EA19,2015,31070,
ESTAT:TEC00001(1.0),27/01/23 11:00:00,A,B1GQ,CP_EUR_HAB,EA19,2016,31840,
ESTAT:TEC00001(1.0),27/01/23 11:00:00,A,B1GQ,CP_EUR_HAB,EA19,2017,32960,
ESTAT:TEC00001(1.0),27/01/23 11:00:00,A,B1GQ,CP_EUR_HAB,EA19,2018,33980,
ESTAT:TEC00001(1.0),27/01/23 11:00:00,A,B1GQ,CP_EUR_HAB,EA19,2019,35000,
ESTAT:TEC00001(1.0),27/01/23 11:00:00,A,B1GQ,CP_EUR_HAB,EA19,2020,33400,
ESTAT:TEC00001(1.0),27/01/23 11:00:00,A,B1GQ,CP_EUR_HAB,EA19,2021,35890,
ESTAT:TEC00001(1.0),27/01/23 11:00:00,A,B1GQ,CP_EUR_HAB,EA20,2011,28950,
ESTAT:TEC00001(1.0),27/01/23 11:00:00,A,B1GQ,CP_EUR_HAB,EA20,2012,29000,
ESTAT:TEC00001(1.0),27/01/23 11:00:00,A,B1GQ,CP_EUR_HAB,EA20,2013,29240,
ESTAT:TEC00001(1.0),27/01/23 11:00:00,A,B1GQ,CP_EUR_HAB,EA20,2014,29870,
ESTAT:TEC00001(1.0),27/01/23 11:00:00,A,B1GQ,CP_EUR_HAB,EA20,2015,30820,
ESTAT:TEC00001(1.0),27/01/23 11:00:00,A,B1GQ,CP_EUR_HAB,EA20,2016,31590,
ESTAT:TEC00001(1.0),27/01/23 11:00:00,A,B1GQ,CP_EUR_HAB,EA20,2017,32710,
ESTAT:TEC00001(1.0),27/01/23 11:00:00,A,B1GQ,CP_EUR_HAB,EA20,2018,33730,
ESTAT:TEC00001(1.0),27/01/23 11:00:00,A,B1GQ,CP_EUR_HAB,EA20,2019,34750,
ESTAT:TEC00001(1.0),27/01/23 11:00:00,A,B1GQ,CP_EUR_HAB,EA20,2020,33160,
ESTAT:TEC00001(1.0),27/01/23 11:00:00,A,B1GQ,CP_EUR_HAB,EA20,2021,35650,
ESTAT:TEC00001(1.0),27/01/23 11:00:00,A,B1GQ,CP_EUR_HAB,EE,2011,12540,
ESTAT:TEC00001(1.0),27/01/23 11:00:00,A,B1GQ,CP_EUR_HAB,EE,2012,13520,
ESTAT:TEC00001(1.0),27/01/23 11:00:00,A,B1GQ,CP_EUR_HAB,EE,2013,14320,
ESTAT:TEC00001(1.0),27/01/23 11:00:00,A,B1GQ,CP_EUR_HAB,EE,2014,15240,
ESTAT:TEC00001(1.0),27/01/23 11:00:00,A,B1GQ,CP_EUR_HAB,EE,2015,15710,
ESTAT:TEC00001(1.0),27/01/23 11:00:00,A,B1GQ,CP_EUR_HAB,EE,2016,16530,
ESTAT:TEC00001(1.0),27/01/23 11:00:00,A,B1GQ,CP_EUR_HAB,EE,2017,18120,
ESTAT:TEC00001(1.0),27/01/23 11:00:00,A,B1GQ,CP_EUR_HAB,EE,2018,19660,
ESTAT:TEC00001(1.0),27/01/23 11:00:00,A,B1GQ,CP_EUR_HAB,EE,2019,20960,
ESTAT:TEC00001(1.0),27/01/23 11:00:00,A,B1GQ,CP_EUR_HAB,EE,2020,20670,
ESTAT:TEC00001(1.0),27/01/23 11:00:00,A,B1GQ,CP_EUR_HAB,EE,2021,23640,
ESTAT:TEC00001(1.0),27/01/23 11:00:00,A,B1GQ,CP_EUR_HAB,EL,2011,18310,
ESTAT:TEC00001(1.0),27/01/23 11:00:00,A,B1GQ,CP_EUR_HAB,EL,2012,17060,
ESTAT:TEC00001(1.0),27/01/23 11:00:00,A,B1GQ,CP_EUR_HAB,EL,2013,16400,
ESTAT:TEC00001(1.0),27/01/23 11:00:00,A,B1GQ,CP_EUR_HAB,EL,2014,16270,
ESTAT:TEC00001(1.0),27/01/23 11:00:00,A,B1GQ,CP_EUR_HAB,EL,2015,16300,
ESTAT:TEC00001(1.0),27/01/23 11:00:00,A,B1GQ,CP_EUR_HAB,EL,2016,16190,
ESTAT:TEC00001(1.0),27/01/23 11:00:00,A,B1GQ,CP_EUR_HAB,EL,2017,16450,
ESTAT:TEC00001(1.0),27/01/23 11:00:00,A,B1GQ,CP_EUR_HAB,EL,2018,16730,
ESTAT:TEC00001(1.0),27/01/23 11:00:00,A,B1GQ,CP_EUR_HAB,EL,2019,17100,
ESTAT:TEC00001(1.0),27/01/23 11:00:00,A,B1GQ,CP_EUR_HAB,EL,2020,15460,p
ESTAT:TEC00001(1.0),27/01/23 11:00:00,A,B1GQ,CP_EUR_HAB,EL,2021,17010,p
ESTAT:TEC00001(1.0),27/01/23 11:00:00,A,B1GQ,CP_EUR_HAB,ES,2011,22760,
ESTAT:TEC00001(1.0),27/01/23 11:00:00,A,B1GQ,CP_EUR_HAB,ES,2012,22050,
ESTAT:TEC00001(1.0),27/01/23 11:00:00,A,B1GQ,CP_EUR_HAB,ES,2013,21910,
ESTAT:TEC00001(1.0),27/01/23 11:00:00,A,B1GQ,CP_EUR_HAB,ES,2014,22230,
ESTAT:TEC00001(1.0),27/01/23 11:00:00,A,B1GQ,CP_EUR_HAB,ES,2015,23230,
ESTAT:TEC00001(1.0),27/01/23 11:00:00,A,B1GQ,CP_EUR_HAB,ES,2016,23990,
ESTAT:TEC00001(1.0),27/01/23 11:00:00,A,B1GQ,CP_EUR_HAB,ES,2017,24980,
ESTAT:TEC00001(1.0),27/01/23 11:00:00,A,B1GQ,CP_EUR_HAB,ES,2018,25760,
ESTAT:TEC00001(1.0),27/01/23 11:00:00,A,B1GQ,CP_EUR_HAB,ES,2019,26440,
ESTAT:TEC00001(1.0),27/01/23 11:00:00,A,B1GQ,CP_EUR_HAB,ES,2020,23610,p
ESTAT:TEC00001(1.0),27/01/23 11:00:00,A,B1GQ,CP_EUR_HAB,ES,2021,25500,p
ESTAT:TEC00001(1.0),27/01/23 11:00:00,A,B1GQ,CP_EUR_HAB,EU27_2020,2011,25650,
ESTAT:TEC00001(1.0),27/01/23 11:00:00,A,B1GQ,CP_EUR_HAB,EU27_2020,2012,25770,
ESTAT:TEC00001(1.0),27/01/23 11:00:00,A,B1GQ,CP_EUR_HAB,EU27_2020,2013,26010,
ESTAT:TEC00001(1.0),27/01/23 11:00:00,A,B1GQ,CP_EUR_HAB,EU27_2020,2014,26580,
ESTAT:TEC00001(1.0),27/01/23 11:00:00,A,B1GQ,CP_EUR_HAB,EU27_2020,2015,27500,
ESTAT:TEC00001(1.0),27/01/23 11:00:00,A,B1GQ,CP_EUR_HAB,EU27_2020,2016,28190,
ESTAT:TEC00001(1.0),27/01/23 11:00:00,A,B1GQ,CP_EUR_HAB,EU27_2020,2017,29320,
ESTAT:TEC00001(1.0),27/01/23 11:00:00,A,B1GQ,CP_EUR_HAB,EU27_2020,2018,30290,
ESTAT:TEC00001(1.0),27/01/23 11:00:00,A,B1GQ,CP_EUR_HAB,EU27_2020,2019,31310,
ESTAT:TEC00001(1.0),27/01/23 11:00:00,A,B1GQ,CP_EUR_HAB,EU27_2020,2020,30030,
ESTAT:TEC00001(1.0),27/01/23 11:00:00,A,B1GQ,CP_EUR_HAB,EU27_2020,2021,32430,
ESTAT:TEC00001(1.0),27/01/23 11:00:00,A,B1GQ,CP_EUR_HAB,EU28,2011,26230,
ESTAT:TEC00001(1.0),27/01/23 11:00:00,A,B1GQ,CP_EUR_HAB,EU28,2012,26700,
ESTAT:TEC00001(1.0),27/01/23 11:00:00,A,B1GQ,CP_EUR_HAB,EU28,2013,26860,
ESTAT:TEC00001(1.0),27/01/23 11:00:00,A,B1GQ,CP_EUR_HAB,EU28,2014,27750,
ESTAT:TEC00001(1.0),27/01/23 11:00:00,A,B1GQ,CP_EUR_HAB,EU28,2015,29180,
ESTAT:TEC00001(1.0),27/01/23 11:00:00,A,B1GQ,CP_EUR_HAB,EU28,2016,29330,
ESTAT:TEC00001(1.0),27/01/23 11:00:00,A,B1GQ,CP_EUR_HAB,EU28,2017,30150,
ESTAT:TEC00001(1.0),27/01/23 11:00:00,A,B1GQ,CP_EUR_HAB,EU28,2018,31090,
ESTAT:TEC00001(1.0),27/01/23 11:00:00,A,B1GQ,CP_EUR_HAB,EU28,2019,32150,
ESTAT:TEC00001(1.0),27/01/23 11:00:00,A,B1GQ,CP_EUR_HAB,FI,2011,36750,
ESTAT:TEC00001(1.0),27/01/23 11:00:00,A,B1GQ,CP_EUR_HAB,FI,2012,37130,
ESTAT:TEC00001(1.0),27/01/23 11:00:00,A,B1GQ,CP_EUR_HAB,FI,2013,37570,
ESTAT:TEC00001(1.0),27/01/23 11:00:00,A,B1GQ,CP_EUR_HAB,FI,2014,37880,
ESTAT:TEC00001(1.0),27/01/23 11:00:00,A,B1GQ,CP_EUR_HAB,FI,2015,38570,
ESTAT:TEC00001(1.0),27/01/23 11:00:00,A,B1GQ,CP_EUR_HAB,FI,2016,39580,
ESTAT:TEC00001(1.0),27/01/23 11:00:00,A,B1GQ,CP_EUR_HAB,FI,2017,41080,
ESTAT:TEC00001(1.0),27/01/23 11:00:00,A,B1GQ,CP_EUR_HAB,FI,2018,42320,
ESTAT:TEC00001(1.0),27/01/23 11:00:00,A,B1GQ,CP_EUR_HAB,FI,2019,43440,
ESTAT:TEC00001(1.0),27/01/23 11:00:00,A,B1GQ,CP_EUR_HAB,FI,2020,43040,
ESTAT:TEC00001(1.0),27/01/23 11:00:00,A,B1GQ,CP_EUR_HAB,FI,2021,45390,
ESTAT:TEC00001(1.0),27/01/23 11:00:00,A,B1GQ,CP_EUR_HAB,FR,2011,31510,
ESTAT:TEC00001(1.0),27/01/23 11:00:00,A,B1GQ,CP_EUR_HAB,FR,2012,31820,
ESTAT:TEC00001(1.0),27/01/23 11:00:00,A,B1GQ,CP_EUR_HAB,FR,2013,32080,
ESTAT:TEC00001(1.0),27/01/23 11:00:00,A,B1GQ,CP_EUR_HAB,FR,2014,32420,
ESTAT:TEC00001(1.0),27/01/23 11:00:00,A,B1GQ,CP_EUR_HAB,FR,2015,33020,
ESTAT:TEC00001(1.0),27/01/23 11:00:00,A,B1GQ,CP_EUR_HAB,FR,2016,33430,
ESTAT:TEC00001(1.0),27/01/23 11:00:00,A,B1GQ,CP_EUR_HAB,FR,2017,34230,
ESTAT:TEC00001(1.0),27/01/23 11:00:00,A,B1GQ,CP_EUR_HAB,FR,2018,35040,
ESTAT:TEC00001(1.0),27/01/23 11:00:00,A,B1GQ,CP_EUR_HAB,FR,2019,35970,p
ESTAT:TEC00001(1.0),27/01/23 11:00:00,A,B1GQ,CP_EUR_HAB,FR,2020,33980,p
ESTAT:TEC00001(1.0),27/01/23 11:00:00,A,B1GQ,CP_EUR_HAB,FR,2021,36660,p
ESTAT:TEC00001(1.0),27/01/23 11:00:00,A,B1GQ,CP_EUR_HAB,HR,2011,10640,
ESTAT:TEC00001(1.0),27/01/23 11:00:00,A,B1GQ,CP_EUR_HAB,HR,2012,10450,
ESTAT:TEC00001(1.0),27/01/23 11:00:00,A,B1GQ,CP_EUR_HAB,HR,2013,10440,
ESTAT:TEC00001(1.0),27/01/23 11:00:00,A,B1GQ,CP_EUR_HAB,HR,2014,10380,
ESTAT:TEC00001(1.0),27/01/23 11:00:00,A,B1GQ,CP_EUR_HAB,HR,2015,10760,
ESTAT:TEC00001(1.0),27/01/23 11:00:00,A,B1GQ,CP_EUR_HAB,HR,2016,11350,
ESTAT:TEC00001(1.0),27/01/23 11:00:00,A,B1GQ,CP_EUR_HAB,HR,2017,12100,
ESTAT:TEC00001(1.0),27/01/23 11:00:00,A,B1GQ,CP_EUR_HAB,HR,2018,12890,
ESTAT:TEC00001(1.0),27/01/23 11:00:00,A,B1GQ,CP_EUR_HAB,HR,2019,13680,
ESTAT:TEC00001(1.0),27/01/23 11:00:00,A,B1GQ,CP_EUR_HAB,HR,2020,12460,
ESTAT:TEC00001(1.0),27/01/23 11:00:00,A,B1GQ,CP_EUR_HAB,HR,2021,14720,p
ESTAT:TEC00001(1.0),27/01/23 11:00:00,A,B1GQ,CP_EUR_HAB,HU,2011,10240,
ESTAT:TEC00001(1.0),27/01/23 11:00:00,A,B1GQ,CP_EUR_HAB,HU,2012,10110,
ESTAT:TEC00001(1.0),27/01/23 11:00:00,A,B1GQ,CP_EUR_HAB,HU,2013,10330,
ESTAT:TEC00001(1.0),27/01/23 11:00:00,A,B1GQ,CP_EUR_HAB,HU,2014,10770,
ESTAT:TEC00001(1.0),27/01/23 11:00:00,A,B1GQ,CP_EUR_HAB,HU,2015,11460,
ESTAT:TEC00001(1.0),27/01/23 11:00:00,A,B1GQ,CP_EUR_HAB,HU,2016,11850,
ESTAT:TEC00001(1.0),27/01/23 11:00:00,A,B1GQ,CP_EUR_HAB,HU,2017,12980,
ESTAT:TEC00001(1.0),27/01/23 11:00:00,A,B1GQ,CP_EUR_HAB,HU,2018,13920,
ESTAT:TEC00001(1.0),27/01/23 11:00:00,A,B1GQ,CP_EUR_HAB,HU,2019,15000,
ESTAT:TEC00001(1.0),27/01/23 11:00:00,A,B1GQ,CP_EUR_HAB,HU,2020,14140,p
ESTAT:TEC00001(1.0),27/01/23 11:00:00,A,B1GQ,CP_EUR_HAB,HU,2021,15840,p
ESTAT:TEC00001(1.0),27/01/23 11:00:00,A,B1GQ,CP_EUR_HAB,IE,2011,37500,
ESTAT:TEC00001(1.0),27/01/23 11:00:00,A,B1GQ,CP_EUR_HAB,IE,2012,38200,
ESTAT:TEC00001(1.0),27/01/23 11:00:00,A,B1GQ,CP_EUR_HAB,IE,2013,38840,
ESTAT:TEC00001(1.0),27/01/23 11:00:00,A,B1GQ,CP_EUR_HAB,IE,2014,41930,
ESTAT:TEC00001(1.0),27/01/23 11:00:00,A,B1GQ,CP_EUR_HAB,IE,2015,56000,
ESTAT:TEC00001(1.0),27/01/23 11:00:00,A,B1GQ,CP_EUR_HAB,IE,2016,56900,
ESTAT:TEC00001(1.0),27/01/23 11:00:00,A,B1GQ,CP_EUR_HAB,IE,2017,62000,
ESTAT:TEC00001(1.0),27/01/23 11:00:00,A,B1GQ,CP_EUR_HAB,IE,2018,67200,
ESTAT:TEC00001(1.0),27/01/23 11:00:00,A,B1GQ,CP_EUR_HAB,IE,2019,72400,
ESTAT:TEC00001(1.0),27/01/23 11:00:00,A,B1GQ,CP_EUR_HAB,IE,2020,74860,
ESTAT:TEC00001(1.0),27/01/23 11:00:00,A,B1GQ,CP_EUR_HAB,IE,2021,84940,
ESTAT:TEC00001(1.0),27/01/23 11:00:00,A,B1GQ,CP_EUR_HAB,IS,2011,34280,
ESTAT:TEC00001(1.0),27/01/23 11:00:00,A,B1GQ,CP_EUR_HAB,IS,2012,35800,
ESTAT:TEC00001(1.0),27/01/23 11:00:00,A,B1GQ,CP_EUR_HAB,IS,2013,37470,
ESTAT:TEC00001(1.0),27/01/23 11:00:00,A,B1GQ,CP_EUR_HAB,IS,2014,41150,
ESTAT:TEC00001(1.0),27/01/23 11:00:00,A,B1GQ,CP_EUR_HAB,IS,2015,47750,
ESTAT:TEC00001(1.0),27/01/23 11:00:00,A,B1GQ,CP_EUR_HAB,IS,2016,56070,
ESTAT:TEC00001(1.0),27/01/23 11:00:00,A,B1GQ,CP_EUR_HAB,IS,2017,63830,
ESTAT:TEC00001(1.0),27/01/23 11:00:00,A,B1GQ,CP_EUR_HAB,IS,2018,63060,
ESTAT:TEC00001(1.0),27/01/23 11:00:00,A,B1GQ,CP_EUR_HAB,IS,2019,61490,
ESTAT:TEC00001(1.0),27/01/23 11:00:00,A,B1GQ,CP_EUR_HAB,IS,2020,51850,
ESTAT:TEC00001(1.0),27/01/23 11:00:00,A,B1GQ,CP_EUR_HAB,IS,2021,58130,
ESTAT:TEC00001(1.0),27/01/23 11:00:00,A,B1GQ,CP_EUR_HAB,IT,2011,27470,
ESTAT:TEC00001(1.0),27/01/23 11:00:00,A,B1GQ,CP_EUR_HAB,IT,2012,26990,
ESTAT:TEC00001(1.0),27/01/23 11:00:00,A,B1GQ,CP_EUR_HAB,IT,2013,26740,
ESTAT:TEC00001(1.0),27/01/23 11:00:00,A,B1GQ,CP_EUR_HAB,IT,2014,26980,
ESTAT:TEC00001(1.0),27/01/23 11:00:00,A,B1GQ,CP_EUR_HAB,IT,2015,27480,
ESTAT:TEC00001(1.0),27/01/23 11:00:00,A,B1GQ,CP_EUR_HAB,IT,2016,28210,
ESTAT:TEC00001(1.0),27/01/23 11:00:00,A,B1GQ,CP_EUR_HAB,IT,2017,28940,
ESTAT:TEC00001(1.0),27/01/23 11:00:00,A,B1GQ,CP_EUR_HAB,IT,2018,29580,
ESTAT:TEC00001(1.0),27/01/23 11:00:00,A,B1GQ,CP_EUR_HAB,IT,2019,30080,
ESTAT:TEC00001(1.0),27/01/23 11:00:00,A,B1GQ,CP_EUR_HAB,IT,2020,27940,
ESTAT:TEC00001(1.0),27/01/23 11:00:00,A,B1GQ,CP_EUR_HAB,IT,2021,30140,
ESTAT:TEC00001(1.0),27/01/23 11:00:00,A,B1GQ,CP_EUR_HAB,LI,2013,128380,
ESTAT:TEC00001(1.0),27/01/23 11:00:00,A,B1GQ,CP_EUR_HAB,LI,2014,133180,
ESTAT:TEC00001(1.0),27/01/23 11:00:00,A,B1GQ,CP_EUR_HAB,LI,2015,148440,
ESTAT:TEC00001(1.0),27/01/23 11:00:00,A,B1GQ,CP_EUR_HAB,LI,2016,147270,
ESTAT:TEC00001(1.0),27/01/23 11:00:00,A,B1GQ,CP_EUR_HAB,LI,2017,148690,
ESTAT:TEC00001(1.0),27/01/23 11:00:00,A,B1GQ,CP_EUR_HAB,LI,2018,146100,
ESTAT:TEC00001(1.0),27/01/23 11:00:00,A,B1GQ,CP_EUR_HAB,LI,2019,146830,
ESTAT:TEC00001(1.0),27/01/23 11:00:00,A,B1GQ,CP_EUR_HAB,LI,2020,142470,p
ESTAT:TEC00001(1.0),27/01/23 11:00:00,A,B1GQ,CP_EUR_HAB,LT,2011,10340,
ESTAT:TEC00001(1.0),27/01/23 11:00:00,A,B1GQ,CP_EUR_HAB,LT,2012,11180,
ESTAT:TEC00001(1.0),27/01/23 11:00:00,A,B1GQ,CP_EUR_HAB,LT,2013,11850,
ESTAT:TEC00001(1.0),27/01/23 11:00:00,A,B1GQ,CP_EUR_HAB,LT,2014,12480,
ESTAT:TEC00001(1.0),27/01/23 11:00:00,A,B1GQ,CP_EUR_HAB,LT,2015,12860,
ESTAT:TEC00001(1.0),27/01/23 11:00:00,A,B1GQ,CP_EUR_HAB,LT,2016,13560,
ESTAT:TEC00001(1.0),27/01/23 11:00:00,A,B1GQ,CP_EUR_HAB,LT,2017,14950,
ESTAT:TEC00001(1.0),27/01/23 11:00:00,A,B1GQ,CP_EUR_HAB,LT,2018,16250,
ESTAT:TEC00001(1.0),27/01/23 11:00:00,A,B1GQ,CP_EUR_HAB,LT,2019,17500,
ESTAT:TEC00001(1.0),27/01/23 11:00:00,A,B1GQ,CP_EUR_HAB,LT,2020,17810,
ESTAT:TEC00001(1.0),27/01/23 11:00:00,A,B1GQ,CP_EUR_HAB,LT,2021,20000,
ESTAT:TEC00001(1.0),27/01/23 11:00:00,A,B1GQ,CP_EUR_HAB,LU,2011,85330,
ESTAT:TEC00001(1.0),27/01/23 11:00:00,A,B1GQ,CP_EUR_HAB,LU,2012,87540,
ESTAT:TEC00001(1.0),27/01/23 11:00:00,A,B1GQ,CP_EUR_HAB,LU,2013,90030,
ESTAT:TEC00001(1.0),27/01/23 11:00:00,A,B1GQ,CP_EUR_HAB,LU,2014,92760,
ESTAT:TEC00001(1.0),27/01/23 11:00:00,A,B1GQ,CP_EUR_HAB,LU,2015,95090,
ESTAT:TEC00001(1.0),27/01/23 11:00:00,A,B1GQ,CP_EUR_HAB,LU,2016,96230,
ESTAT:TEC00001(1.0),27/01/23 11:00:00,A,B1GQ,CP_EUR_HAB,LU,2017,97440,
ESTAT:TEC00001(1.0),27/01/23 11:00:00,A,B1GQ,CP_EUR_HAB,LU,2018,98750,
ESTAT:TEC00001(1.0),27/01/23 11:00:00,A,B1GQ,CP_EUR_HAB,LU,2019,100360,
ESTAT:TEC00001(1.0),27/01/23 11:00:00,A,B1GQ,CP_EUR_HAB,LU,2020,102650,
ESTAT:TEC00001(1.0),27/01/23 11:00:00,A,B1GQ,CP_EUR_HAB,LU,2021,112780,p
ESTAT:TEC00001(1.0),27/01/23 11:00:00,A,B1GQ,CP_EUR_HAB,LV,2011,9550,
ESTAT:TEC00001(1.0),27/01/23 11:00:00,A,B1GQ,CP_EUR_HAB,LV,2012,10870,
ESTAT:TEC00001(1.0),27/01/23 11:00:00,A,B1GQ,CP_EUR_HAB,LV,2013,11320,
ESTAT:TEC00001(1.0),27/01/23 11:00:00,A,B1GQ,CP_EUR_HAB,LV,2014,11850,
ESTAT:TEC00001(1.0),27/01/23 11:00:00,A,B1GQ,CP_EUR_HAB,LV,2015,12430,
ESTAT:TEC00001(1.0),27/01/23 11:00:00,A,B1GQ,CP_EUR_HAB,LV,2016,12950,
ESTAT:TEC00001(1.0),27/01/23 11:00:00,A,B1GQ,CP_EUR_HAB,LV,2017,13900,
ESTAT:TEC00001(1.0),27/01/23 11:00:00,A,B1GQ,CP_EUR_HAB,LV,2018,15130,
ESTAT:TEC00001(1.0),27/01/23 11:00:00,A,B1GQ,CP_EUR_HAB,LV,2019,16040,
ESTAT:TEC00001(1.0),27/01/23 11:00:00,A,B1GQ,CP_EUR_HAB,LV,2020,15940,
ESTAT:TEC00001(1.0),27/01/23 11:00:00,A,B1GQ,CP_EUR_HAB,LV,2021,17890,
ESTAT:TEC00001(1.0),27/01/23 11:00:00,A,B1GQ,CP_EUR_HAB,ME,2011,5270,
ESTAT:TEC00001(1.0),27/01/23 11:00:00,A,B1GQ,CP_EUR_HAB,ME,2012,5130,
ESTAT:TEC00001(1.0),27/01/23 11:00:00,A,B1GQ,CP_EUR_HAB,ME,2013,5410,
ESTAT:TEC00001(1.0),27/01/23 11:00:00,A,B1GQ,CP_EUR_HAB,ME,2014,5560,
ESTAT:TEC00001(1.0),27/01/23 11:00:00,A,B1GQ,CP_EUR_HAB,ME,2015,5870,
ESTAT:TEC00001(1.0),27/01/23 11:00:00,A,B1GQ,CP_EUR_HAB,ME,2016,6350,
ESTAT:TEC00001(1.0),27/01/23 11:00:00,A,B1GQ,CP_EUR_HAB,ME,2017,6910,
ESTAT:TEC00001(1.0),27/01/23 11:00:00,A,B1GQ,CP_EUR_HAB,ME,2018,7490,
ESTAT:TEC00001(1.0),27/01/23 11:00:00,A,B1GQ,CP_EUR_HAB,ME,2019,7960,
ESTAT:TEC00001(1.0),27/01/23 11:00:00,A,B1GQ,CP_EUR_HAB,ME,2020,6740,
ESTAT:TEC00001(1.0),27/01/23 11:00:00,A,B1GQ,CP_EUR_HAB,ME,2021,8000,
ESTAT:TEC00001(1.0),27/01/23 11:00:00,A,B1GQ,CP_EUR_HAB,MK,2011,3660,e
ESTAT:TEC00001(1.0),27/01/23 11:00:00,A,B1GQ,CP_EUR_HAB,MK,2012,3680,e
ESTAT:TEC00001(1.0),27/01/23 11:00:00,A,B1GQ,CP_EUR_HAB,MK,2013,3950,e
ESTAT:TEC00001(1.0),27/01/23 11:00:00,A,B1GQ,CP_EUR_HAB,MK,2014,4140,e
ESTAT:TEC00001(1.0),27/01/23 11:00:00,A,B1GQ,CP_EUR_HAB,MK,2015,4380,e
ESTAT:TEC00001(1.0),27/01/23 11:00:00,A,B1GQ,CP_EUR_HAB,MK,2016,4660,e
ESTAT:TEC00001(1.0),27/01/23 11:00:00,A,B1GQ,CP_EUR_HAB,MK,2017,4840,e
ESTAT:TEC00001(1.0),27/01/23 11:00:00,A,B1GQ,CP_EUR_HAB,MK,2018,5170,e
ESTAT:TEC00001(1.0),27/01/23 11:00:00,A,B1GQ,CP_EUR_HAB,MK,2020,5240,e
ESTAT:TEC00001(1.0),27/01/23 11:00:00,A,B1GQ,CP_EUR_HAB,MT,2011,16630,
ESTAT:TEC00001(1.0),27/01/23 11:00:00,A,B1GQ,CP_EUR_HAB,MT,2012,17530,
ESTAT:TEC00001(1.0),27/01/23 11:00:00,A,B1GQ,CP_EUR_HAB,MT,2013,18650,
ESTAT:TEC00001(1.0),27/01/23 11:00:00,A,B1GQ,CP_EUR_HAB,MT,2014,20120,
ESTAT:TEC00001(1.0),27/01/23 11:00:00,A,B1GQ,CP_EUR_HAB,MT,2015,22450,
ESTAT:TEC00001(1.0),27/01/23 11:00:00,A,B1GQ,CP_EUR_HAB,MT,2016,23130,
ESTAT:TEC00001(1.0),27/01/23 11:00:00,A,B1GQ,CP_EUR_HAB,MT,2017,25480,
ESTAT:TEC00001(1.0),27/01/23 11:00:00,A,B1GQ,CP_EUR_HAB,MT,2018,26690,
ESTAT:TEC00001(1.0),27/01/23 11:00:00,A,B1GQ,CP_EUR_HAB,MT,2019,28090,
ESTAT:TEC00001(1.0),27/01/23 11:00:00,A,B1GQ,CP_EUR_HAB,MT,2020,25520,
ESTAT:TEC00001(1.0),27/01/23 11:00:00,A,B1GQ,CP_EUR_HAB,MT,2021,28890,
ESTAT:TEC00001(1.0),27/01/23 11:00:00,A,B1GQ,CP_EUR_HAB,NL,2011,38960,
ESTAT:TEC00001(1.0),27/01/23 11:00:00,A,B1GQ,CP_EUR_HAB,NL,2012,38970,
ESTAT:TEC00001(1.0),27/01/23 11:00:00,A,B1GQ,CP_EUR_HAB,NL,2013,39300,
ESTAT:TEC00001(1.0),27/01/23 11:00:00,A,B1GQ,CP_EUR_HAB,NL,2014,39820,
ESTAT:TEC00001(1.0),27/01/23 11:00:00,A,B1GQ,CP_EUR_HAB,NL,2015,40730,
ESTAT:TEC00001(1.0),27/01/23 11:00:00,A,B1GQ,CP_EUR_HAB,NL,2016,41590,
ESTAT:TEC00001(1.0),27/01/23 11:00:00,A,B1GQ,CP_EUR_HAB,NL,2017,43090,
ESTAT:TEC00001(1.0),27/01/23 11:00:00,A,B1GQ,CP_EUR_HAB,NL,2018,44920,
ESTAT:TEC00001(1.0),27/01/23 11:00:00,A,B1GQ,CP_EUR_HAB,NL,2019,46880,
ESTAT:TEC00001(1.0),27/01/23 11:00:00,A,B1GQ,CP_EUR_HAB,NL,2020,45670,p
ESTAT:TEC00001(1.0),27/01/23 11:00:00,A,B1GQ,CP_EUR_HAB,NL,2021,48840,p
ESTAT:TEC00001(1.0),27/01/23 11:00:00,A,B1GQ,CP_EUR_HAB,NO,2011,72790,
ESTAT:TEC00001(1.0),27/01/23 11:00:00,A,B1GQ,CP_EUR_HAB,NO,2012,79510,
ESTAT:TEC00001(1.0),27/01/23 11:00:00,A,B1GQ,CP_EUR_HAB,NO,2013,77920,
ESTAT:TEC00001(1.0),27/01/23 11:00:00,A,B1GQ,CP_EUR_HAB,NO,2014,73670,
ESTAT:TEC00001(1.0),27/01/23 11:00:00,A,B1GQ,CP_EUR_HAB,NO,2015,67390,
ESTAT:TEC00001(1.0),27/01/23 11:00:00,A,B1GQ,CP_EUR_HAB,NO,2016,64060,
ESTAT:TEC00001(1.0),27/01/23 11:00:00,A,B1GQ,CP_EUR_HAB,NO,2017,67520,
ESTAT:TEC00001(1.0),27/01/23 11:00:00,A,B1GQ,CP_EUR_HAB,NO,2018,70150,
ESTAT:TEC00001(1.0),27/01/23 11:00:00,A,B1GQ,CP_EUR_HAB,NO,2019,68270,
ESTAT:TEC00001(1.0),27/01/23 11:00:00,A,B1GQ,CP_EUR_HAB,NO,2020,60020,
ESTAT:TEC00001(1.0),27/01/23 11:00:00,A,B1GQ,CP_EUR_HAB,NO,2021,76590,
ESTAT:TEC00001(1.0),27/01/23 11:00:00,A,B1GQ,CP_EUR_HAB,PL,2011,9790,
ESTAT:TEC00001(1.0),27/01/23 11:00:00,A,B1GQ,CP_EUR_HAB,PL,2012,10000,
ESTAT:TEC00001(1.0),27/01/23 11:00:00,A,B1GQ,CP_EUR_HAB,PL,2013,10090,
ESTAT:TEC00001(1.0),27/01/23 11:00:00,A,B1GQ,CP_EUR_HAB,PL,2014,10560,
ESTAT:TEC00001(1.0),27/01/23 11:00:00,A,B1GQ,CP_EUR_HAB,PL,2015,11180,
ESTAT:TEC00001(1.0),27/01/23 11:00:00,A,B1GQ,CP_EUR_HAB,PL,2016,11050,
ESTAT:TEC00001(1.0),27/01/23 11:00:00,A,B1GQ,CP_EUR_HAB,PL,2017,12120,
ESTAT:TEC00001(1.0),27/01/23 11:00:00,A,B1GQ,CP_EUR_HAB,PL,2018,12990,
ESTAT:TEC00001(1.0),27/01/23 11:00:00,A,B1GQ,CP_EUR_HAB,PL,2019,13870,
ESTAT:TEC00001(1.0),27/01/23 11:00:00,A,B1GQ,CP_EUR_HAB,PL,2020,13720,
ESTAT:TEC00001(1.0),27/01/23 11:00:00,A,B1GQ,CP_EUR_HAB,PL,2021,15060,
ESTAT:TEC00001(1.0),27/01/23 11:00:00,A,B1GQ,CP_EUR_HAB,PT,2011,16680,
ESTAT:TEC00001(1.0),27/01/23 11:00:00,A,B1GQ,CP_EUR_HAB,PT,2012,16010,
ESTAT:TEC00001(1.0),27/01/23 11:00:00,A,B1GQ,CP_EUR_HAB,PT,2013,16300,
ESTAT:TEC00001(1.0),27/01/23 11:00:00,A,B1GQ,CP_EUR_HAB,PT,2014,16640,
ESTAT:TEC00001(1.0),27/01/23 11:00:00,A,B1GQ,CP_EUR_HAB,PT,2015,17350,
ESTAT:TEC00001(1.0),27/01/23 11:00:00,A,B1GQ,CP_EUR_HAB,PT,2016,18060,
ESTAT:TEC00001(1.0),27/01/23 11:00:00,A,B1GQ,CP_EUR_HAB,PT,2017,19020,
ESTAT:TEC00001(1.0),27/01/23 11:00:00,A,B1GQ,CP_EUR_HAB,PT,2018,19950,
ESTAT:TEC00001(1.0),27/01/23 11:00:00,A,B1GQ,CP_EUR_HAB,PT,2019,20840,
ESTAT:TEC00001(1.0),27/01/23 11:00:00,A,B1GQ,CP_EUR_HAB,PT,2020,19470,
ESTAT:TEC00001(1.0),27/01/23 11:00:00,A,B1GQ,CP_EUR_HAB,PT,2021,20850,p
ESTAT:TEC00001(1.0),27/01/23 11:00:00,A,B1GQ,CP_EUR_HAB,RO,2011,6880,
ESTAT:TEC00001(1.0),27/01/23 11:00:00,A,B1GQ,CP_EUR_HAB,RO,2012,6950,
ESTAT:TEC00001(1.0),27/01/23 11:00:00,A,B1GQ,CP_EUR_HAB,RO,2013,7150,
ESTAT:TEC00001(1.0),27/01/23 11:00:00,A,B1GQ,CP_EUR_HAB,RO,2014,7560,
ESTAT:TEC00001(1.0),27/01/23 11:00:00,A,B1GQ,CP_EUR_HAB,RO,2015,8090,
ESTAT:TEC00001(1.0),27/01/23 11:00:00,A,B1GQ,CP_EUR_HAB,RO,2016,8500,
ESTAT:TEC00001(1.0),27/01/23 11:00:00,A,B1GQ,CP_EUR_HAB,RO,2017,9510,
ESTAT:TEC00001(1.0),27/01/23 11:00:00,A,B1GQ,CP_EUR_HAB,RO,2018,10580,
ESTAT:TEC00001(1.0),27/01/23 11:00:00,A,B1GQ,CP_EUR_HAB,RO,2019,11560,
ESTAT:TEC00001(1.0),27/01/23 11:00:00,A,B1GQ,CP_EUR_HAB,RO,2020,11440,
ESTAT:TEC00001(1.0),27/01/23 11:00:00,A,B1GQ,CP_EUR_HAB,RO,2021,12620,p
ESTAT:TEC00001(1.0),27/01/23 11:00:00,A,B1GQ,CP_EUR_HAB,RS,2011,4900,
ESTAT:TEC00001(1.0),27/01/23 11:00:00,A,B1GQ,CP_EUR_HAB,RS,2012,4680,
ESTAT:TEC00001(1.0),27/01/23 11:00:00,A,B1GQ,CP_EUR_HAB,RS,2013,5080,
ESTAT:TEC00001(1.0),27/01/23 11:00:00,A,B1GQ,CP_EUR_HAB,RS,2014,4970,
ESTAT:TEC00001(1.0),27/01/23 11:00:00,A,B1GQ,CP_EUR_HAB,RS,2015,5040,
ESTAT:TEC00001(1.0),27/01/23 11:00:00,A,B1GQ,CP_EUR_HAB,RS,2016,5210,
ESTAT:TEC00001(1.0),27/01/23 11:00:00,A,B1GQ,CP_EUR_HAB,RS,2017,5590,
ESTAT:TEC00001(1.0),27/01/23 11:00:00,A,B1GQ,CP_EUR_HAB,RS,2018,6140,
ESTAT:TEC00001(1.0),27/01/23 11:00:00,A,B1GQ,CP_EUR_HAB,RS,2019,6620,
ESTAT:TEC00001(1.0),27/01/23 11:00:00,A,B1GQ,CP_EUR_HAB,RS,2020,6790,
ESTAT:TEC00001(1.0),27/01/23 11:00:00,A,B1GQ,CP_EUR_HAB,RS,2021,7800,p
ESTAT:TEC00001(1.0),27/01/23 11:00:00,A,B1GQ,CP_EUR_HAB,SE,2011,43690,
ESTAT:TEC00001(1.0),27/01/23 11:00:00,A,B1GQ,CP_EUR_HAB,SE,2012,45170,
ESTAT:TEC00001(1.0),27/01/23 11:00:00,A,B1GQ,CP_EUR_HAB,SE,2013,46020,
ESTAT:TEC00001(1.0),27/01/23 11:00:00,A,B1GQ,CP_EUR_HAB,SE,2014,45260,
ESTAT:TEC00001(1.0),27/01/23 11:00:00,A,B1GQ,CP_EUR_HAB,SE,2015,46480,
ESTAT:TEC00001(1.0),27/01/23 11:00:00,A,B1GQ,CP_EUR_HAB,SE,2016,46990,
ESTAT:TEC00001(1.0),27/01/23 11:00:00,A,B1GQ,CP_EUR_HAB,SE,2017,47730,
ESTAT:TEC00001(1.0),27/01/23 11:00:00,A,B1GQ,CP_EUR_HAB,SE,2018,46260,
ESTAT:TEC00001(1.0),27/01/23 11:00:00,A,B1GQ,CP_EUR_HAB,SE,2019,46390,
ESTAT:TEC00001(1.0),27/01/23 11:00:00,A,B1GQ,CP_EUR_HAB,SE,2020,46420,
ESTAT:TEC00001(1.0),27/01/23 11:00:00,A,B1GQ,CP_EUR_HAB,SE,2021,51560,
ESTAT:TEC00001(1.0),27/01/23 11:00:00,A,B1GQ,CP_EUR_HAB,SI,2011,18050,
ESTAT:TEC00001(1.0),27/01/23 11:00:00,A,B1GQ,CP_EUR_HAB,SI,2012,17630,
ESTAT:TEC00001(1.0),27/01/23 11:00:00,A,B1GQ,CP_EUR_HAB,SI,2013,17700,
ESTAT:TEC00001(1.0),27/01/23 11:00:00,A,B1GQ,CP_EUR_HAB,SI,2014,18250,
ESTAT:TEC00001(1.0),27/01/23 11:00:00,A,B1GQ,CP_EUR_HAB,SI,2015,18830,
ESTAT:TEC00001(1.0),27/01/23 11:00:00,A,B1GQ,CP_EUR_HAB,SI,2016,19590,
ESTAT:TEC00001(1.0),27/01/23 11:00:00,A,B1GQ,CP_EUR_HAB,SI,2017,20820,
ESTAT:TEC00001(1.0),27/01/23 11:00:00,A,B1GQ,CP_EUR_HAB,SI,2018,22140,
ESTAT:TEC00001(1.0),27/01/23 11:00:00,A,B1GQ,CP_EUR_HAB,SI,2019,23230,
ESTAT:TEC00001(1.0),27/01/23 11:00:00,A,B1GQ,CP_EUR_HAB,SI,2020,22360,
ESTAT:TEC00001(1.0),27/01/23 11:00:00,A,B1GQ,CP_EUR_HAB,SI,2021,24770,
ESTAT:TEC00001(1.0),27/01/23 11:00:00,A,B1GQ,CP_EUR_HAB,SK,2011,13300,
ESTAT:TEC00001(1.0),27/01/23 11:00:00,A,B1GQ,CP_EUR_HAB,SK,2012,13620,
ESTAT:TEC00001(1.0),27/01/23 11:00:00,A,B1GQ,CP_EUR_HAB,SK,2013,13760,
ESTAT:TEC00001(1.0),27/01/23 11:00:00,A,B1GQ,CP_EUR_HAB,SK,2014,14090,
ESTAT:TEC00001(1.0),27/01/23 11:00:00,A,B1GQ,CP_EUR_HAB,SK,2015,14780,
ESTAT:TEC00001(1.0),27/01/23 11:00:00,A,B1GQ,CP_EUR_HAB,SK,2016,14960,
ESTAT:TEC00001(1.0),27/01/23 11:00:00,A,B1GQ,CP_EUR_HAB,SK,2017,15570,
ESTAT:TEC00001(1.0),27/01/23 11:00:00,A,B1GQ,CP_EUR_HAB,SK,2018,16500,
ESTAT:TEC00001(1.0),27/01/23 11:00:00,A,B1GQ,CP_EUR_HAB,SK,2019,17320,
ESTAT:TEC00001(1.0),27/01/23 11:00:00,A,B1GQ,CP_EUR_HAB,SK,2020,17110,
ESTAT:TEC00001(1.0),27/01/23 11:00:00,A,B1GQ,CP_EUR_HAB,SK,2021,18110,
ESTAT:TEC00001(1.0),27/01/23 11:00:00,A,B1GQ,CP_EUR_HAB,TR,2011,8100,
ESTAT:TEC00001(1.0),27/01/23 11:00:00,A,B1GQ,CP_EUR_HAB,TR,2012,9090,
ESTAT:TEC00001(1.0),27/01/23 11:00:00,A,B1GQ,CP_EUR_HAB,TR,2013,9450,
ESTAT:TEC00001(1.0),27/01/23 11:00:00,A,B1GQ,CP_EUR_HAB,TR,2014,9160,
ESTAT:TEC00001(1.0),27/01/23 11:00:00,A,B1GQ,CP_EUR_HAB,TR,2015,9930,
ESTAT:TEC00001(1.0),27/01/23 11:00:00,A,B1GQ,CP_EUR_HAB,TR,2016,9910,
ESTAT:TEC00001(1.0),27/01/23 11:00:00,A,B1GQ,CP_EUR_HAB,TR,2017,9470,
ESTAT:TEC00001(1.0),27/01/23 11:00:00,A,B1GQ,CP_EUR_HAB,TR,2018,8090,
ESTAT:TEC00001(1.0),27/01/23 11:00:00,A,B1GQ,CP_EUR_HAB,TR,2019,8210,
ESTAT:TEC00001(1.0),27/01/23 11:00:00,A,B1GQ,CP_EUR_HAB,TR,2020,7520,
ESTAT:TEC00001(1.0),27/01/23 11:00:00,A,B1GQ,CP_EUR_HAB,TR,2021,8190,
ESTAT:TEC00001(1.0),27/01/23 11:00:00,A,B1GQ,CP_EUR_HAB,UK,2011,30230,
ESTAT:TEC00001(1.0),27/01/23 11:00:00,A,B1GQ,CP_EUR_HAB,UK,2012,33140,
ESTAT:TEC00001(1.0),27/01/23 11:00:00,A,B1GQ,CP_EUR_HAB,UK,2013,32700,
ESTAT:TEC00001(1.0),27/01/23 11:00:00,A,B1GQ,CP_EUR_HAB,UK,2014,35780,
ESTAT:TEC00001(1.0),27/01/23 11:00:00,A,B1GQ,CP_EUR_HAB,UK,2015,40620,
ESTAT:TEC00001(1.0),27/01/23 11:00:00,A,B1GQ,CP_EUR_HAB,UK,2016,37080,
ESTAT:TEC00001(1.0),27/01/23 11:00:00,A,B1GQ,CP_EUR_HAB,UK,2017,35730,
ESTAT:TEC00001(1.0),27/01/23 11:00:00,A,B1GQ,CP_EUR_HAB,UK,2018,36440,
ESTAT:TEC00001(1.0),27/01/23 11:00:00,A,B1GQ,CP_EUR_HAB,UK,2019,37830,
ESTAT:TEC00001(1.0),27/01/23 11:00:00,A,B1GQ,CP_MEUR,AL,2011,9268.3,
ESTAT:TEC00001(1.0),27/01/23 11:00:00,A,B1GQ,CP_MEUR,AL,2012,9585.8,
ESTAT:TEC00001(1.0),27/01/23 11:00:00,A,B1GQ,CP_MEUR,AL,2013,9625.4,
ESTAT:TEC00001(1.0),27/01/23 11:00:00,A,B1GQ,CP_MEUR,AL,2014,9968.6,
ESTAT:TEC00001(1.0),27/01/23 11:00:00,A,B1GQ,CP_MEUR,AL,2015,10264.1,
ESTAT:TEC00001(1.0),27/01/23 11:00:00,A,B1GQ,CP_MEUR,AL,2016,10719.9,
ESTAT:TEC00001(1.0),27/01/23 11:00:00,A,B1GQ,CP_MEUR,AL,2017,11559.0,
ESTAT:TEC00001(1.0),27/01/23 11:00:00,A,B1GQ,CP_MEUR,AL,2018,12828.1,
ESTAT:TEC00001(1.0),27/01/23 11:00:00,A,B1GQ,CP_MEUR,AL,2019,13754.2,
ESTAT:TEC00001(1.0),27/01/23 11:00:00,A,B1GQ,CP_MEUR,AL,2020,13283.3,p
ESTAT:TEC00001(1.0),27/01/23 11:00:00,A,B1GQ,CP_MEUR,AL,2021,15432.3,e
ESTAT:TEC00001(1.0),27/01/23 11:00:00,A,B1GQ,CP_MEUR,AT,2011,310128.7,
ESTAT:TEC00001(1.0),27/01/23 11:00:00,A,B1GQ,CP_MEUR,AT,2012,318653.0,
ESTAT:TEC00001(1.0),27/01/23 11:00:00,A,B1GQ,CP_MEUR,AT,2013,323910.2,
ESTAT:TEC00001(1.0),27/01/23 11:00:00,A,B1GQ,CP_MEUR,AT,2014,333146.1,
ESTAT:TEC00001(1.0),27/01/23 11:00:00,A,B1GQ,CP_MEUR,AT,2015,344269.2,
ESTAT:TEC00001(1.0),27/01/23 11:00:00,A,B1GQ,CP_MEUR,AT,2016,357608.0,
ESTAT:TEC00001(1.0),27/01/23 11:00:00,A,B1GQ,CP_MEUR,AT,2017,369361.9,
ESTAT:TEC00001(1.0),27/01/23 11:00:00,A,B1GQ,CP_MEUR,AT,2018,385274.1,
ESTAT:TEC00001(1.0),27/01/23 11:00:00,A,B1GQ,CP_MEUR,AT,2019,397169.5,
ESTAT:TEC00001(1.0),27/01/23 11:00:00,A,B1GQ,CP_MEUR,AT,2020,381042.5,
ESTAT:TEC00001(1.0),27/01/23 11:00:00,A,B1GQ,CP_MEUR,AT,2021,406148.7,
ESTAT:TEC00001(1.0),27/01/23 11:00:00,A,B1GQ,CP_MEUR,BA,2011,13411.8,
ESTAT:TEC00001(1.0),27/01/23 11:00:00,A,B1GQ,CP_MEUR,BA,2012,13407.5,
ESTAT:TEC00001(1.0),27/01/23 11:00:00,A,B1GQ,CP_MEUR,BA,2013,13691.8,
ESTAT:TEC00001(1.0),27/01/23 11:00:00,A,B1GQ,CP_MEUR,BA,2014,13988.3,
ESTAT:TEC00001(1.0),27/01/23 11:00:00,A,B1GQ,CP_MEUR,BA,2015,14617.4,
ESTAT:TEC00001(1.0),27/01/23 11:00:00,A,B1GQ,CP_MEUR,BA,2016,15289.9,
ESTAT:TEC00001(1.0),27/01/23 11:00:00,A,B1GQ,CP_MEUR,BA,2017,16042.4,
ESTAT:TEC00001(1.0),27/01/23 11:00:00,A,B1GQ,CP_MEUR,BA,2018,17099.7,
ESTAT:TEC00001(1.0),27/01/23 11:00:00,A,B1GQ,CP_MEUR,BA,2019,18046.4,
ESTAT:TEC00001(1.0),27/01/23 11:00:00,A,B1GQ,CP_MEUR,BA,2020,17514.3,
ESTAT:TEC00001(1.0),27/01/23 11:00:00,A,B1GQ,CP_MEUR,BA,2021,19083.7,
ESTAT:TEC00001(1.0),27/01/23 11:00:00,A,B1GQ,CP_MEUR,BE,2011,375967.8,
ESTAT:TEC00001(1.0),27/01/23 11:00:00,A,B1GQ,CP_MEUR,BE,2012,386174.7,
ESTAT:TEC00001(1.0),27/01/23 11:00:00,A,B1GQ,CP_MEUR,BE,2013,392880.0,
ESTAT:TEC00001(1.0),27/01/23 11:00:00,A,B1GQ,CP_MEUR,BE,2014,403003.3,
ESTAT:TEC00001(1.0),27/01/23 11:00:00,A,B1GQ,CP_MEUR,BE,2015,416701.4,
ESTAT:TEC00001(1.0),27/01/23 11:00:00,A,B1GQ,CP_MEUR,BE,2016,430085.3,
ESTAT:TEC00001(1.0),27/01/23 11:00:00,A,B1GQ,CP_MEUR,BE,2017,445050.1,
ESTAT:TEC00001(1.0),27/01/23 11:00:00,A,B1GQ,CP_MEUR,BE,2018,460050.8,
ESTAT:TEC00001(1.0),27/01/23 11:00:00,A,B1GQ,CP_MEUR,BE,2019,478645.0,
ESTAT:TEC00001(1.0),27/01/23 11:00:00,A,B1GQ,CP_MEUR,BE,2020,459826.3,p
ESTAT:TEC00001(1.0),27/01/23 11:00:00,A,B1GQ,CP_MEUR,BE,2021,502311.6,p
ESTAT:TEC00001(1.0),27/01/23 11:00:00,A,B1GQ,CP_MEUR,BG,2011,41478.9,
ESTAT:TEC00001(1.0),27/01/23 11:00:00,A,B1GQ,CP_MEUR,BG,2012,42256.8,
ESTAT:TEC00001(1.0),27/01/23 11:00:00,A,B1GQ,CP_MEUR,BG,2013,42050.2,
ESTAT:TEC00001(1.0),27/01/23 11:00:00,A,B1GQ,CP_MEUR,BG,2014,43026.0,
ESTAT:TEC00001(1.0),27/01/23 11:00:00,A,B1GQ,CP_MEUR,BG,2015,45812.3,
ESTAT:TEC00001(1.0),27/01/23 11:00:00,A,B1GQ,CP_MEUR,BG,2016,48773.1,
ESTAT:TEC00001(1.0),27/01/23 11:00:00,A,B1GQ,CP_MEUR,BG,2017,52531.3,
ESTAT:TEC00001(1.0),27/01/23 11:00:00,A,B1GQ,CP_MEUR,BG,2018,56224.8,
ESTAT:TEC00001(1.0),27/01/23 11:00:00,A,B1GQ,CP_MEUR,BG,2019,61558.5,
ESTAT:TEC00001(1.0),27/01/23 11:00:00,A,B1GQ,CP_MEUR,BG,2020,61638.9,
ESTAT:TEC00001(1.0),27/01/23 11:00:00,A,B1GQ,CP_MEUR,BG,2021,71077.0,
ESTAT:TEC00001(1.0),27/01/23 11:00:00,A,B1GQ,CP_MEUR,CH,2011,515770.5,
ESTAT:TEC00001(1.0),27/01/23 11:00:00,A,B1GQ,CP_MEUR,CH,2012,534012.8,
ESTAT:TEC00001(1.0),27/01/23 11:00:00,A,B1GQ,CP_MEUR,CH,2013,531729.1,
ESTAT:TEC00001(1.0),27/01/23 11:00:00,A,B1GQ,CP_MEUR,CH,2014,548014.5,
ESTAT:TEC00001(1.0),27/01/23 11:00:00,A,B1GQ,CP_MEUR,CH,2015,625532.7,
ESTAT:TEC00001(1.0),27/01/23 11:00:00,A,B1GQ,CP_MEUR,CH,2016,621765.1,
ESTAT:TEC00001(1.0),27/01/23 11:00:00,A,B1GQ,CP_MEUR,CH,2017,615776.3,
ESTAT:TEC00001(1.0),27/01/23 11:00:00,A,B1GQ,CP_MEUR,CH,2018,614304.4,
ESTAT:TEC00001(1.0),27/01/23 11:00:00,A,B1GQ,CP_MEUR,CH,2019,644443.2,
ESTAT:TEC00001(1.0),27/01/23 11:00:00,A,B1GQ,CP_MEUR,CH,2020,648913.3,
ESTAT:TEC00001(1.0),27/01/23 11:00:00,A,B1GQ,CP_MEUR,CH,2021,676775.2,
ESTAT:TEC00001(1.0),27/01/23 11:00:00,A,B1GQ,CP_MEUR,CY,2011,19858.1,
ESTAT:TEC00001(1.0),27/01/23 11:00:00,A,B1GQ,CP_MEUR,CY,2012,19495.4,
ESTAT:TEC00001(1.0),27/01/23 11:00:00,A,B1GQ,CP_MEUR,CY,2013,18040.3,
ESTAT:TEC00001(1.0),27/01/23 11:00:00,A,B1GQ,CP_MEUR,CY,2014,17482.8,
ESTAT:TEC00001(1.0),27/01/23 11:00:00,A,B1GQ,CP_MEUR,CY,2015,17944.2,
ESTAT:TEC00001(1.0),27/01/23 11:00:00,A,B1GQ,CP_MEUR,CY,2016,19013.8,
ESTAT:TEC00001(1.0),27/01/23 11:00:00,A,B1GQ,CP_MEUR,CY,2017,20312.4,
ESTAT:TEC00001(1.0),27/01/23 11:00:00,A,B1GQ,CP_MEUR,CY,2018,21675.1,
ESTAT:TEC00001(1.0),27/01/23 11:00:00,A,B1GQ,CP_MEUR,CY,2019,23176.2,
ESTAT:TEC00001(1.0),27/01/23 11:00:00,A,B1GQ,CP_MEUR,CY,2020,21894.9,
ESTAT:TEC00001(1.0),27/01/23 11:00:00,A,B1GQ,CP_MEUR,CY,2021,24018.9,p
ESTAT:TEC00001(1.0),27/01/23 11:00:00,A,B1GQ,CP_MEUR,CZ,2011,165202.2,
ESTAT:TEC00001(1.0),27/01/23 11:00:00,A,B1GQ,CP_MEUR,CZ,2012,162587.5,
ESTAT:TEC00001(1.0),27/01/23 11:00:00,A,B1GQ,CP_MEUR,CZ,2013,159461.5,
ESTAT:TEC00001(1.0),27/01/23 11:00:00,A,B1GQ,CP_MEUR,CZ,2014,157821.3,
ESTAT:TEC00001(1.0),27/01/23 11:00:00,A,B1GQ,CP_MEUR,CZ,2015,169558.2,
ESTAT:TEC00001(1.0),27/01/23 11:00:00,A,B1GQ,CP_MEUR,CZ,2016,177438.5,
ESTAT:TEC00001(1.0),27/01/23 11:00:00,A,B1GQ,CP_MEUR,CZ,2017,194132.9,
ESTAT:TEC00001(1.0),27/01/23 11:00:00,A,B1GQ,CP_MEUR,CZ,2018,210970.5,
ESTAT:TEC00001(1.0),27/01/23 11:00:00,A,B1GQ,CP_MEUR,CZ,2019,225613.5,
ESTAT:TEC00001(1.0),27/01/23 11:00:00,A,B1GQ,CP_MEUR,CZ,2020,215805.4,
ESTAT:TEC00001(1.0),27/01/23 11:00:00,A,B1GQ,CP_MEUR,CZ,2021,238249.5,
ESTAT:TEC00001(1.0),27/01/23 11:00:00,A,B1GQ,CP_MEUR,DE,2011,2693560.0,
ESTAT:TEC00001(1.0),27/01/23 11:00:00,A,B1GQ,CP_MEUR,DE,2012,2745310.0,
ESTAT:TEC00001(1.0),27/01/23 11:00:00,A,B1GQ,CP_MEUR,DE,2013,2811350.0,
ESTAT:TEC00001(1.0),27/01/23 11:00:00,A,B1GQ,CP_MEUR,DE,2014,2927430.0,
ESTAT:TEC00001(1.0),27/01/23 11:00:00,A,B1GQ,CP_MEUR,DE,2015,3026180.0,
ESTAT:TEC00001(1.0),27/01/23 11:00:00,A,B1GQ,CP_MEUR,DE,2016,3134740.0,
ESTAT:TEC00001(1.0),27/01/23 11:00:00,A,B1GQ,CP_MEUR,DE,2017,3267160.0,
ESTAT:TEC00001(1.0),27/01/23 11:00:00,A,B1GQ,CP_MEUR,DE,2018,3365450.0,
ESTAT:TEC00001(1.0),27/01/23 11:00:00,A,B1GQ,CP_MEUR,DE,2019,3473260.0,p
ESTAT:TEC00001(1.0),27/01/23 11:00:00,A,B1GQ,CP_MEUR,DE,2020,3405430.0,p
ESTAT:TEC00001(1.0),27/01/23 11:00:00,A,B1GQ,CP_MEUR,DE,2021,3601750.0,p
ESTAT:TEC00001(1.0),27/01/23 11:00:00,A,B1GQ,CP_MEUR,DE,2022,3858300.0,p
ESTAT:TEC00001(1.0),27/01/23 11:00:00,A,B1GQ,CP_MEUR,DK,2011,247879.9,
ESTAT:TEC00001(1.0),27/01/23 11:00:00,A,B1GQ,CP_MEUR,DK,2012,254578.0,
ESTAT:TEC00001(1.0),27/01/23 11:00:00,A,B1GQ,CP_MEUR,DK,2013,258742.7,
ESTAT:TEC00001(1.0),27/01/23 11:00:00,A,B1GQ,CP_MEUR,DK,2014,265757.0,
ESTAT:TEC00001(1.0),27/01/23 11:00:00,A,B1GQ,CP_MEUR,DK,2015,273017.6,
ESTAT:TEC00001(1.0),27/01/23 11:00:00,A,B1GQ,CP_MEUR,DK,2016,283109.7,
ESTAT:TEC00001(1.0),27/01/23 11:00:00,A,B1GQ,CP_MEUR,DK,2017,294808.2,
ESTAT:TEC00001(1.0),27/01/23 11:00:00,A,B1GQ,CP_MEUR,DK,2018,302328.7,
ESTAT:TEC00001(1.0),27/01/23 11:00:00,A,B1GQ,CP_MEUR,DK,2019,309526.4,
ESTAT:TEC00001(1.0),27/01/23 11:00:00,A,B1GQ,CP_MEUR,DK,2020,311759.7,
ESTAT:TEC00001(1.0),27/01/23 11:00:00,A,B1GQ,CP_MEUR,DK,2021,336718.8,
ESTAT:TEC00001(1.0),27/01/23 11:00:00,A,B1GQ,CP_MEUR,EA,2011,9746636.6,
ESTAT:TEC00001(1.0),27/01/23 11:00:00,A,B1GQ,CP_MEUR,EA,2012,9781904.3,
ESTAT:TEC00001(1.0),27/01/23 11:00:00,A,B1GQ,CP_MEUR,EA,2013,9878312.8,
ESTAT:TEC00001(1.0),27/01/23 11:00:00,A,B1GQ,CP_MEUR,EA,2014,10132878.0,
ESTAT:TEC00001(1.0),27/01/23 11:00:00,A,B1GQ,CP_MEUR,EA,2015,10523091.6,
ESTAT:TEC00001(1.0),27/01/23 11:00:00,A,B1GQ,CP_MEUR,EA,2016,10817293.9,
ESTAT:TEC00001(1.0),27/01/23 11:00:00,A,B1GQ,CP_MEUR,EA,2017,11224152.9,
ESTAT:TEC00001(1.0),27/01/23 11:00:00,A,B1GQ,CP_MEUR,EA,2018,11599252.4,
ESTAT:TEC00001(1.0),27/01/23 11:00:00,A,B1GQ,CP_MEUR,EA,2019,11986264.4,
ESTAT:TEC00001(1.0),27/01/23 11:00:00,A,B1GQ,CP_MEUR,EA,2020,11456510.3,
ESTAT:TEC00001(1.0),27/01/23 11:00:00,A,B1GQ,CP_MEUR,EA,2021,12313625.0,
ESTAT:TEC00001(1.0),27/01/23 11:00:00,A,B1GQ,CP_MEUR,EA19,2011,9797619.8,
ESTAT:TEC00001(1.0),27/01/23 11:00:00,A,B1GQ,CP_MEUR,EA19,2012,9837412.0,
ESTAT:TEC00001(1.0),27/01/23 11:00:00,A,B1GQ,CP_MEUR,EA19,2013,9936143.7,
ESTAT:TEC00001(1.0),27/01/23 11:00:00,A,B1GQ,CP_MEUR,EA19,2014,10169459.3,
ESTAT:TEC00001(1.0),27/01/23 11:00:00,A,B1GQ,CP_MEUR,EA19,2015,10523091.6,
ESTAT:TEC00001(1.0),27/01/23 11:00:00,A,B1GQ,CP_MEUR,EA19,2016,10817293.9,
ESTAT:TEC00001(1.0),27/01/23 11:00:00,A,B1GQ,CP_MEUR,EA19,2017,11224152.9,
ESTAT:TEC00001(1.0),27/01/23 11:00:00,A,B1GQ,CP_MEUR,EA19,2018,11599252.4,
ESTAT:TEC00001(1.0),27/01/23 11:00:00,A,B1GQ,CP_MEUR,EA19,2019,11986264.4,
ESTAT:TEC00001(1.0),27/01/23 11:00:00,A,B1GQ,CP_MEUR,EA19,2020,11456510.3,
ESTAT:TEC00001(1.0),27/01/23 11:00:00,A,B1GQ,CP_MEUR,EA19,2021,12313625.0,
ESTAT:TEC00001(1.0),27/01/23 11:00:00,A,B1GQ,CP_MEUR,EA20,2011,9843169.7,
ESTAT:TEC00001(1.0),27/01/23 11:00:00,A,B1GQ,CP_MEUR,EA20,2012,9882033.2,
ESTAT:TEC00001(1.0),27/01/23 11:00:00,A,B1GQ,CP_MEUR,EA20,2013,9980580.7,
ESTAT:TEC00001(1.0),27/01/23 11:00:00,A,B1GQ,CP_MEUR,EA20,2014,10213448.4,
ESTAT:TEC00001(1.0),27/01/23 11:00:00,A,B1GQ,CP_MEUR,EA20,2015,10568349.5,
ESTAT:TEC00001(1.0),27/01/23 11:00:00,A,B1GQ,CP_MEUR,EA20,2016,10864632.6,
ESTAT:TEC00001(1.0),27/01/23 11:00:00,A,B1GQ,CP_MEUR,EA20,2017,11274138.8,
ESTAT:TEC00001(1.0),27/01/23 11:00:00,A,B1GQ,CP_MEUR,EA20,2018,11651999.6,
ESTAT:TEC00001(1.0),27/01/23 11:00:00,A,B1GQ,CP_MEUR,EA20,2019,12041908.8,
ESTAT:TEC00001(1.0),27/01/23 11:00:00,A,B1GQ,CP_MEUR,EA20,2020,11506935.2,
ESTAT:TEC00001(1.0),27/01/23 11:00:00,A,B1GQ,CP_MEUR,EA20,2021,12371879.0,
ESTAT:TEC00001(1.0),27/01/23 11:00:00,A,B1GQ,CP_MEUR,EE,2011,16677.3,
ESTAT:TEC00001(1.0),27/01/23 11:00:00,A,B1GQ,CP_MEUR,EE,2012,17916.7,
ESTAT:TEC00001(1.0),27/01/23 11:00:00,A,B1GQ,CP_MEUR,EE,2013,18910.8,
ESTAT:TEC00001(1.0),27/01/23 11:00:00,A,B1GQ,CP_MEUR,EE,2014,20048.2,
ESTAT:TEC00001(1.0),27/01/23 11:00:00,A,B1GQ,CP_MEUR,EE,2015,20631.4,
ESTAT:TEC00001(1.0),27/01/23 11:00:00,A,B1GQ,CP_MEUR,EE,2016,21747.9,
ESTAT:TEC00001(1.0),27/01/23 11:00:00,A,B1GQ,CP_MEUR,EE,2017,23833.6,
ESTAT:TEC00001(1.0),27/01/23 11:00:00,A,B1GQ,CP_MEUR,EE,2018,25932.2,
ESTAT:TEC00001(1.0),27/01/23 11:00:00,A,B1GQ,CP_MEUR,EE,2019,27764.7,
ESTAT:TEC00001(1.0),27/01/23 11:00:00,A,B1GQ,CP_MEUR,EE,2020,27465.0,
ESTAT:TEC00001(1.0),27/01/23 11:00:00,A,B1GQ,CP_MEUR,EE,2021,31444.9,
ESTAT:TEC00001(1.0),27/01/23 11:00:00,A,B1GQ,CP_MEUR,EL,2011,203308.2,
ESTAT:TEC00001(1.0),27/01/23 11:00:00,A,B1GQ,CP_MEUR,EL,2012,188380.6,
ESTAT:TEC00001(1.0),27/01/23 11:00:00,A,B1GQ,CP_MEUR,EL,2013,179884.4,
ESTAT:TEC00001(1.0),27/01/23 11:00:00,A,B1GQ,CP_MEUR,EL,2014,177236.0,
ESTAT:TEC00001(1.0),27/01/23 11:00:00,A,B1GQ,CP_MEUR,EL,2015,176368.9,
ESTAT:TEC00001(1.0),27/01/23 11:00:00,A,B1GQ,CP_MEUR,EL,2016,174494.2,
ESTAT:TEC00001(1.0),27/01/23 11:00:00,A,B1GQ,CP_MEUR,EL,2017,176903.4,
ESTAT:TEC00001(1.0),27/01/23 11:00:00,A,B1GQ,CP_MEUR,EL,2018,179557.7,
ESTAT:TEC00001(1.0),27/01/23 11:00:00,A,B1GQ,CP_MEUR,EL,2019,183351.2,
ESTAT:TEC00001(1.0),27/01/23 11:00:00,A,B1GQ,CP_MEUR,EL,2020,165405.9,p
ESTAT:TEC00001(1.0),27/01/23 11:00:00,A,B1GQ,CP_MEUR,EL,2021,181674.6,p
ESTAT:TEC00001(1.0),27/01/23 11:00:00,A,B1GQ,CP_MEUR,ES,2011,1063763.0,
ESTAT:TEC00001(1.0),27/01/23 11:00:00,A,B1GQ,CP_MEUR,ES,2012,1031104.0,
ESTAT:TEC00001(1.0),27/01/23 11:00:00,A,B1GQ,CP_MEUR,ES,2013,1020677.0,
ESTAT:TEC00001(1.0),27/01/23 11:00:00,A,B1GQ,CP_MEUR,ES,2014,1032608.0,
ESTAT:TEC00001(1.0),27/01/23 11:00:00,A,B1GQ,CP_MEUR,ES,2015,1078092.0,
ESTAT:TEC00001(1.0),27/01/23 11:00:00,A,B1GQ,CP_MEUR,ES,2016,1114420.0,
ESTAT:TEC00001(1.0),27/01/23 11:00:00,A,B1GQ,CP_MEUR,ES,2017,1162492.0,
ESTAT:TEC00001(1.0),27/01/23 11:00:00,A,B1GQ,CP_MEUR,ES,2018,1203859.0,
ESTAT:TEC00001(1.0),27/01/23 11:00:00,A,B1GQ,CP_MEUR,ES,2019,1245513.0,
ESTAT:TEC00001(1.0),27/01/23 11:00:00,A,B1GQ,CP_MEUR,ES,2020,1117989.0,p
ESTAT:TEC00001(1.0),27/01/23 11:00:00,A,B1GQ,CP_MEUR,ES,2021,1206842.0,p
ESTAT:TEC00001(1.0),27/01/23 11:00:00,A,B1GQ,CP_MEUR,EU27_2020,2011,11328290.6,
ESTAT:TEC00001(1.0),27/01/23 11:00:00,A,B1GQ,CP_MEUR,EU27_2020,2012,11396449.5,
ESTAT:TEC00001(1.0),27/01/23 11:00:00,A,B1GQ,CP_MEUR,EU27_2020,2013,11516210.9,
ESTAT:TEC00001(1.0),27/01/23 11:00:00,A,B1GQ,CP_MEUR,EU27_2020,2014,11782085.3,
ESTAT:TEC00001(1.0),27/01/23 11:00:00,A,B1GQ,CP_MEUR,EU27_2020,2015,12215145.8,
ESTAT:TEC00001(1.0),27/01/23 11:00:00,A,B1GQ,CP_MEUR,EU27_2020,2016,12548705.7,
ESTAT:TEC00001(1.0),27/01/23 11:00:00,A,B1GQ,CP_MEUR,EU27_2020,2017,13074833.0,
ESTAT:TEC00001(1.0),27/01/23 11:00:00,A,B1GQ,CP_MEUR,EU27_2020,2018,13533327.2,
ESTAT:TEC00001(1.0),27/01/23 11:00:00,A,B1GQ,CP_MEUR,EU27_2020,2019,14018685.9,
ESTAT:TEC00001(1.0),27/01/23 11:00:00,A,B1GQ,CP_MEUR,EU27_2020,2020,13461155.9,
ESTAT:TEC00001(1.0),27/01/23 11:00:00,A,B1GQ,CP_MEUR,EU27_2020,2021,14524808.1,
ESTAT:TEC00001(1.0),27/01/23 11:00:00,A,B1GQ,CP_MEUR,EU28,2011,13241159.8,
ESTAT:TEC00001(1.0),27/01/23 11:00:00,A,B1GQ,CP_MEUR,EU28,2012,13507478.4,
ESTAT:TEC00001(1.0),27/01/23 11:00:00,A,B1GQ,CP_MEUR,EU28,2013,13612548.9,
ESTAT:TEC00001(1.0),27/01/23 11:00:00,A,B1GQ,CP_MEUR,EU28,2014,14093165.5,
ESTAT:TEC00001(1.0),27/01/23 11:00:00,A,B1GQ,CP_MEUR,EU28,2015,14859862.3,
ESTAT:TEC00001(1.0),27/01/23 11:00:00,A,B1GQ,CP_MEUR,EU28,2016,14982824.9,
ESTAT:TEC00001(1.0),27/01/23 11:00:00,A,B1GQ,CP_MEUR,EU28,2017,15434622.8,
ESTAT:TEC00001(1.0),27/01/23 11:00:00,A,B1GQ,CP_MEUR,EU28,2018,15954224.5,
ESTAT:TEC00001(1.0),27/01/23 11:00:00,A,B1GQ,CP_MEUR,EU28,2019,16545301.0,
ESTAT:TEC00001(1.0),27/01/23 11:00:00,A,B1GQ,CP_MEUR,FI,2011,197998.0,
ESTAT:TEC00001(1.0),27/01/23 11:00:00,A,B1GQ,CP_MEUR,FI,2012,201037.0,
ESTAT:TEC00001(1.0),27/01/23 11:00:00,A,B1GQ,CP_MEUR,FI,2013,204321.0,
ESTAT:TEC00001(1.0),27/01/23 11:00:00,A,B1GQ,CP_MEUR,FI,2014,206897.0,
ESTAT:TEC00001(1.0),27/01/23 11:00:00,A,B1GQ,CP_MEUR,FI,2015,211385.0,
ESTAT:TEC00001(1.0),27/01/23 11:00:00,A,B1GQ,CP_MEUR,FI,2016,217518.0,
ESTAT:TEC00001(1.0),27/01/23 11:00:00,A,B1GQ,CP_MEUR,FI,2017,226301.0,
ESTAT:TEC00001(1.0),27/01/23 11:00:00,A,B1GQ,CP_MEUR,FI,2018,233462.0,
ESTAT:TEC00001(1.0),27/01/23 11:00:00,A,B1GQ,CP_MEUR,FI,2019,239858.0,
ESTAT:TEC00001(1.0),27/01/23 11:00:00,A,B1GQ,CP_MEUR,FI,2020,238038.0,
ESTAT:TEC00001(1.0),27/01/23 11:00:00,A,B1GQ,CP_MEUR,FI,2021,251520.0,
ESTAT:TEC00001(1.0),27/01/23 11:00:00,A,B1GQ,CP_MEUR,FR,2011,2058369.0,
ESTAT:TEC00001(1.0),27/01/23 11:00:00,A,B1GQ,CP_MEUR,FR,2012,2088804.0,
ESTAT:TEC00001(1.0),27/01/23 11:00:00,A,B1GQ,CP_MEUR,FR,2013,2117189.0,
ESTAT:TEC00001(1.0),27/01/23 11:00:00,A,B1GQ,CP_MEUR,FR,2014,2149765.0,
ESTAT:TEC00001(1.0),27/01/23 11:00:00,A,B1GQ,CP_MEUR,FR,2015,2198432.0,
ESTAT:TEC00001(1.0),27/01/23 11:00:00,A,B1GQ,CP_MEUR,FR,2016,2234129.0,
ESTAT:TEC00001(1.0),27/01/23 11:00:00,A,B1GQ,CP_MEUR,FR,2017,2297242.0,
ESTAT:TEC00001(1.0),27/01/23 11:00:00,A,B1GQ,CP_MEUR,FR,2018,2363306.0,
ESTAT:TEC00001(1.0),27/01/23 11:00:00,A,B1GQ,CP_MEUR,FR,2019,2437635.0,
ESTAT:TEC00001(1.0),27/01/23 11:00:00,A,B1GQ,CP_MEUR,FR,2020,2310469.0,p
ESTAT:TEC00001(1.0),27/01/23 11:00:00,A,B1GQ,CP_MEUR,FR,2021,2500870.0,p
ESTAT:TEC00001(1.0),27/01/23 11:00:00,A,B1GQ,CP_MEUR,HR,2011,45549.9,
ESTAT:TEC00001(1.0),27/01/23 11:00:00,A,B1GQ,CP_MEUR,HR,2012,44621.2,
ESTAT:TEC00001(1.0),27/01/23 11:00:00,A,B1GQ,CP_MEUR,HR,2013,44437.1,
ESTAT:TEC00001(1.0),27/01/23 11:00:00,A,B1GQ,CP_MEUR,HR,2014,43989.1,
ESTAT:TEC00001(1.0),27/01/23 11:00:00,A,B1GQ,CP_MEUR,HR,2015,45257.9,
ESTAT:TEC00001(1.0),27/01/23 11:00:00,A,B1GQ,CP_MEUR,HR,2016,47338.7,
ESTAT:TEC00001(1.0),27/01/23 11:00:00,A,B1GQ,CP_MEUR,HR,2017,49985.9,
ESTAT:TEC00001(1.0),27/01/23 11:00:00,A,B1GQ,CP_MEUR,HR,2018,52747.2,
ESTAT:TEC00001(1.0),27/01/23 11:00:00,A,B1GQ,CP_MEUR,HR,2019,55644.4,
ESTAT:TEC00001(1.0),27/01/23 11:00:00,A,B1GQ,CP_MEUR,HR,2020,50424.9,
ESTAT:TEC00001(1.0),27/01/23 11:00:00,A,B1GQ,CP_MEUR,HR,2021,58254.1,p
ESTAT:TEC00001(1.0),27/01/23 11:00:00,A,B1GQ,CP_MEUR,HU,2011,102152.0,
ESTAT:TEC00001(1.0),27/01/23 11:00:00,A,B1GQ,CP_MEUR,HU,2012,100247.6,
ESTAT:TEC00001(1.0),27/01/23 11:00:00,A,B1GQ,CP_MEUR,HU,2013,102239.7,
ESTAT:TEC00001(1.0),27/01/23 11:00:00,A,B1GQ,CP_MEUR,HU,2014,106263.8,
ESTAT:TEC00001(1.0),27/01/23 11:00:00,A,B1GQ,CP_MEUR,HU,2015,112791.0,
ESTAT:TEC00001(1.0),27/01/23 11:00:00,A,B1GQ,CP_MEUR,HU,2016,116255.7,
ESTAT:TEC00001(1.0),27/01/23 11:00:00,A,B1GQ,CP_MEUR,HU,2017,127024.7,
ESTAT:TEC00001(1.0),27/01/23 11:00:00,A,B1GQ,CP_MEUR,HU,2018,136054.6,
ESTAT:TEC00001(1.0),27/01/23 11:00:00,A,B1GQ,CP_MEUR,HU,2019,146526.1,
ESTAT:TEC00001(1.0),27/01/23 11:00:00,A,B1GQ,CP_MEUR,HU,2020,137826.5,
ESTAT:TEC00001(1.0),27/01/23 11:00:00,A,B1GQ,CP_MEUR,HU,2021,153758.7,p
ESTAT:TEC00001(1.0),27/01/23 11:00:00,A,B1GQ,CP_MEUR,IE,2011,171703.2,
ESTAT:TEC00001(1.0),27/01/23 11:00:00,A,B1GQ,CP_MEUR,IE,2012,175615.4,
ESTAT:TEC00001(1.0),27/01/23 11:00:00,A,B1GQ,CP_MEUR,IE,2013,179457.6,
ESTAT:TEC00001(1.0),27/01/23 11:00:00,A,B1GQ,CP_MEUR,IE,2014,195085.2,
ESTAT:TEC00001(1.0),27/01/23 11:00:00,A,B1GQ,CP_MEUR,IE,2015,262975.9,
ESTAT:TEC00001(1.0),27/01/23 11:00:00,A,B1GQ,CP_MEUR,IE,2016,270205.3,
ESTAT:TEC00001(1.0),27/01/23 11:00:00,A,B1GQ,CP_MEUR,IE,2017,297763.2,
ESTAT:TEC00001(1.0),27/01/23 11:00:00,A,B1GQ,CP_MEUR,IE,2018,326631.3,
ESTAT:TEC00001(1.0),27/01/23 11:00:00,A,B1GQ,CP_MEUR,IE,2019,356704.6,
ESTAT:TEC00001(1.0),27/01/23 11:00:00,A,B1GQ,CP_MEUR,IE,2020,372836.4,
ESTAT:TEC00001(1.0),27/01/23 11:00:00,A,B1GQ,CP_MEUR,IE,2021,426283.4,
ESTAT:TEC00001(1.0),27/01/23 11:00:00,A,B1GQ,CP_MEUR,IS,2011,10934.3,
ESTAT:TEC00001(1.0),27/01/23 11:00:00,A,B1GQ,CP_MEUR,IS,2012,11479.9,
ESTAT:TEC00001(1.0),27/01/23 11:00:00,A,B1GQ,CP_MEUR,IS,2013,12132.9,
ESTAT:TEC00001(1.0),27/01/23 11:00:00,A,B1GQ,CP_MEUR,IS,2014,13472.6,
ESTAT:TEC00001(1.0),27/01/23 11:00:00,A,B1GQ,CP_MEUR,IS,2015,15795.3,
ESTAT:TEC00001(1.0),27/01/23 11:00:00,A,B1GQ,CP_MEUR,IS,2016,18804.2,
ESTAT:TEC00001(1.0),27/01/23 11:00:00,A,B1GQ,CP_MEUR,IS,2017,21917.7,
ESTAT:TEC00001(1.0),27/01/23 11:00:00,A,B1GQ,CP_MEUR,IS,2018,22241.1,
ESTAT:TEC00001(1.0),27/01/23 11:00:00,A,B1GQ,CP_MEUR,IS,2019,22172.6,
ESTAT:TEC00001(1.0),27/01/23 11:00:00,A,B1GQ,CP_MEUR,IS,2020,19004.7,
ESTAT:TEC00001(1.0),27/01/23 11:00:00,A,B1GQ,CP_MEUR,IS,2021,21653.2,
ESTAT:TEC00001(1.0),27/01/23 11:00:00,A,B1GQ,CP_MEUR,IT,2011,1648755.8,
ESTAT:TEC00001(1.0),27/01/23 11:00:00,A,B1GQ,CP_MEUR,IT,2012,1624358.7,
ESTAT:TEC00001(1.0),27/01/23 11:00:00,A,B1GQ,CP_MEUR,IT,2013,1612751.3,
ESTAT:TEC00001(1.0),27/01/23 11:00:00,A,B1GQ,CP_MEUR,IT,2014,1627405.6,
ESTAT:TEC00001(1.0),27/01/23 11:00:00,A,B1GQ,CP_MEUR,IT,2015,1655355.0,
ESTAT:TEC00001(1.0),27/01/23 11:00:00,A,B1GQ,CP_MEUR,IT,2016,1695786.8,
ESTAT:TEC00001(1.0),27/01/23 11:00:00,A,B1GQ,CP_MEUR,IT,2017,1736592.8,
ESTAT:TEC00001(1.0),27/01/23 11:00:00,A,B1GQ,CP_MEUR,IT,2018,1771391.2,
ESTAT:TEC00001(1.0),27/01/23 11:00:00,A,B1GQ,CP_MEUR,IT,2019,1796648.5,
ESTAT:TEC00001(1.0),27/01/23 11:00:00,A,B1GQ,CP_MEUR,IT,2020,1660621.4,
ESTAT:TEC00001(1.0),27/01/23 11:00:00,A,B1GQ,CP_MEUR,IT,2021,1782050.4,
ESTAT:TEC00001(1.0),27/01/23 11:00:00,A,B1GQ,CP_MEUR,LI,2013,4812.4,
ESTAT:TEC00001(1.0),27/01/23 11:00:00,A,B1GQ,CP_MEUR,LI,2014,5021.7,
ESTAT:TEC00001(1.0),27/01/23 11:00:00,A,B1GQ,CP_MEUR,LI,2015,5649.1,
ESTAT:TEC00001(1.0),27/01/23 11:00:00,A,B1GQ,CP_MEUR,LI,2016,5637.7,
ESTAT:TEC00001(1.0),27/01/23 11:00:00,A,B1GQ,CP_MEUR,LI,2017,5734.6,
ESTAT:TEC00001(1.0),27/01/23 11:00:00,A,B1GQ,CP_MEUR,LI,2018,5666.3,
ESTAT:TEC00001(1.0),27/01/23 11:00:00,A,B1GQ,CP_MEUR,LI,2019,5750.1,
ESTAT:TEC00001(1.0),27/01/23 11:00:00,A,B1GQ,CP_MEUR,LI,2020,5617.9,p
ESTAT:TEC00001(1.0),27/01/23 11:00:00,A,B1GQ,CP_MEUR,LT,2011,31317.2,
ESTAT:TEC00001(1.0),27/01/23 11:00:00,A,B1GQ,CP_MEUR,LT,2012,33410.2,
ESTAT:TEC00001(1.0),27/01/23 11:00:00,A,B1GQ,CP_MEUR,LT,2013,35039.5,
ESTAT:TEC00001(1.0),27/01/23 11:00:00,A,B1GQ,CP_MEUR,LT,2014,36581.3,
ESTAT:TEC00001(1.0),27/01/23 11:00:00,A,B1GQ,CP_MEUR,LT,2015,37345.7,
ESTAT:TEC00001(1.0),27/01/23 11:00:00,A,B1GQ,CP_MEUR,LT,2016,38889.9,
ESTAT:TEC00001(1.0),27/01/23 11:00:00,A,B1GQ,CP_MEUR,LT,2017,42276.3,
ESTAT:TEC00001(1.0),27/01/23 11:00:00,A,B1GQ,CP_MEUR,LT,2018,45515.2,
ESTAT:TEC00001(1.0),27/01/23 11:00:00,A,B1GQ,CP_MEUR,LT,2019,48908.2,
ESTAT:TEC00001(1.0),27/01/23 11:00:00,A,B1GQ,CP_MEUR,LT,2020,49769.6,
ESTAT:TEC00001(1.0),27/01/23 11:00:00,A,B1GQ,CP_MEUR,LT,2021,56179.1,
ESTAT:TEC00001(1.0),27/01/23 11:00:00,A,B1GQ,CP_MEUR,LU,2011,44323.5,
ESTAT:TEC00001(1.0),27/01/23 11:00:00,A,B1GQ,CP_MEUR,LU,2012,46526.2,
ESTAT:TEC00001(1.0),27/01/23 11:00:00,A,B1GQ,CP_MEUR,LU,2013,49094.5,
ESTAT:TEC00001(1.0),27/01/23 11:00:00,A,B1GQ,CP_MEUR,LU,2014,51791.3,
ESTAT:TEC00001(1.0),27/01/23 11:00:00,A,B1GQ,CP_MEUR,LU,2015,54142.3,
ESTAT:TEC00001(1.0),27/01/23 11:00:00,A,B1GQ,CP_MEUR,LU,2016,56208.1,
ESTAT:TEC00001(1.0),27/01/23 11:00:00,A,B1GQ,CP_MEUR,LU,2017,58168.8,
ESTAT:TEC00001(1.0),27/01/23 11:00:00,A,B1GQ,CP_MEUR,LU,2018,60121.2,
ESTAT:TEC00001(1.0),27/01/23 11:00:00,A,B1GQ,CP_MEUR,LU,2019,62373.6,
ESTAT:TEC00001(1.0),27/01/23 11:00:00,A,B1GQ,CP_MEUR,LU,2020,64781.0,
ESTAT:TEC00001(1.0),27/01/23 11:00:00,A,B1GQ,CP_MEUR,LU,2021,72295.0,p
ESTAT:TEC00001(1.0),27/01/23 11:00:00,A,B1GQ,CP_MEUR,LV,2011,19666.0,
ESTAT:TEC00001(1.0),27/01/23 11:00:00,A,B1GQ,CP_MEUR,LV,2012,22097.5,
ESTAT:TEC00001(1.0),27/01/23 11:00:00,A,B1GQ,CP_MEUR,LV,2013,22791.3,
ESTAT:TEC00001(1.0),27/01/23 11:00:00,A,B1GQ,CP_MEUR,LV,2014,23625.8,
ESTAT:TEC00001(1.0),27/01/23 11:00:00,A,B1GQ,CP_MEUR,LV,2015,24572.1,
ESTAT:TEC00001(1.0),27/01/23 11:00:00,A,B1GQ,CP_MEUR,LV,2016,25371.3,
ESTAT:TEC00001(1.0),27/01/23 11:00:00,A,B1GQ,CP_MEUR,LV,2017,26984.4,
ESTAT:TEC00001(1.0),27/01/23 11:00:00,A,B1GQ,CP_MEUR,LV,2018,29153.6,
ESTAT:TEC00001(1.0),27/01/23 11:00:00,A,B1GQ,CP_MEUR,LV,2019,30678.6,
ESTAT:TEC00001(1.0),27/01/23 11:00:00,A,B1GQ,CP_MEUR,LV,2020,30294.0,
ESTAT:TEC00001(1.0),27/01/23 11:00:00,A,B1GQ,CP_MEUR,LV,2021,33695.9,
ESTAT:TEC00001(1.0),27/01/23 11:00:00,A,B1GQ,CP_MEUR,ME,2011,3264.8,
ESTAT:TEC00001(1.0),27/01/23 11:00:00,A,B1GQ,CP_MEUR,ME,2012,3181.5,
ESTAT:TEC00001(1.0),27/01/23 11:00:00,A,B1GQ,CP_MEUR,ME,2013,3362.5,
ESTAT:TEC00001(1.0),27/01/23 11:00:00,A,B1GQ,CP_MEUR,ME,2014,3457.9,
ESTAT:TEC00001(1.0),27/01/23 11:00:00,A,B1GQ,CP_MEUR,ME,2015,3654.5,
ESTAT:TEC00001(1.0),27/01/23 11:00:00,A,B1GQ,CP_MEUR,ME,2016,3954.2,
ESTAT:TEC00001(1.0),27/01/23 11:00:00,A,B1GQ,CP_MEUR,ME,2017,4299.1,
ESTAT:TEC00001(1.0),27/01/23 11:00:00,A,B1GQ,CP_MEUR,ME,2018,4663.1,
ESTAT:TEC00001(1.0),27/01/23 11:00:00,A,B1GQ,CP_MEUR,ME,2019,4950.7,
ESTAT:TEC00001(1.0),27/01/23 11:00:00,A,B1GQ,CP_MEUR,ME,2020,4185.6,
ESTAT:TEC00001(1.0),27/01/23 11:00:00,A,B1GQ,CP_MEUR,ME,2021,4955.1,
ESTAT:TEC00001(1.0),27/01/23 11:00:00,A,B1GQ,CP_MEUR,MK,2011,7544.2,
ESTAT:TEC00001(1.0),27/01/23 11:00:00,A,B1GQ,CP_MEUR,MK,2012,7584.8,
ESTAT:TEC00001(1.0),27/01/23 11:00:00,A,B1GQ,CP_MEUR,MK,2013,8149.6,
ESTAT:TEC00001(1.0),27/01/23 11:00:00,A,B1GQ,CP_MEUR,MK,2014,8562.0,
ESTAT:TEC00001(1.0),27/01/23 11:00:00,A,B1GQ,CP_MEUR,MK,2015,9072.3,
ESTAT:TEC00001(1.0),27/01/23 11:00:00,A,B1GQ,CP_MEUR,MK,2016,9656.5,
ESTAT:TEC00001(1.0),27/01/23 11:00:00,A,B1GQ,CP_MEUR,MK,2017,10038.3,
ESTAT:TEC00001(1.0),27/01/23 11:00:00,A,B1GQ,CP_MEUR,MK,2018,10744.0,
ESTAT:TEC00001(1.0),27/01/23 11:00:00,A,B1GQ,CP_MEUR,MK,2019,11262.0,
ESTAT:TEC00001(1.0),27/01/23 11:00:00,A,B1GQ,CP_MEUR,MK,2020,10851.7,
ESTAT:TEC00001(1.0),27/01/23 11:00:00,A,B1GQ,CP_MEUR,MK,2021,11688.2,p
ESTAT:TEC00001(1.0),27/01/23 11:00:00,A,B1GQ,CP_MEUR,MT,2011,6924.6,
ESTAT:TEC00001(1.0),27/01/23 11:00:00,A,B1GQ,CP_MEUR,MT,2012,7364.5,
ESTAT:TEC00001(1.0),27/01/23 11:00:00,A,B1GQ,CP_MEUR,MT,2013,7944.3,
ESTAT:TEC00001(1.0),27/01/23 11:00:00,A,B1GQ,CP_MEUR,MT,2014,8751.1,
ESTAT:TEC00001(1.0),27/01/23 11:00:00,A,B1GQ,CP_MEUR,MT,2015,9996.7,
ESTAT:TEC00001(1.0),27/01/23 11:00:00,A,B1GQ,CP_MEUR,MT,2016,10541.1,
ESTAT:TEC00001(1.0),27/01/23 11:00:00,A,B1GQ,CP_MEUR,MT,2017,11936.6,
ESTAT:TEC00001(1.0),27/01/23 11:00:00,A,B1GQ,CP_MEUR,MT,2018,12951.0,
ESTAT:TEC00001(1.0),27/01/23 11:00:00,A,B1GQ,CP_MEUR,MT,2019,14177.9,
ESTAT:TEC00001(1.0),27/01/23 11:00:00,A,B1GQ,CP_MEUR,MT,2020,13164.0,
ESTAT:TEC00001(1.0),27/01/23 11:00:00,A,B1GQ,CP_MEUR,MT,2021,14982.7,
ESTAT:TEC00001(1.0),27/01/23 11:00:00,A,B1GQ,CP_MEUR,NL,2011,650359.0,
ESTAT:TEC00001(1.0),27/01/23 11:00:00,A,B1GQ,CP_MEUR,NL,2012,652966.0,
ESTAT:TEC00001(1.0),27/01/23 11:00:00,A,B1GQ,CP_MEUR,NL,2013,660463.0,
ESTAT:TEC00001(1.0),27/01/23 11:00:00,A,B1GQ,CP_MEUR,NL,2014,671560.0,
ESTAT:TEC00001(1.0),27/01/23 11:00:00,A,B1GQ,CP_MEUR,NL,2015,690008.0,
ESTAT:TEC00001(1.0),27/01/23 11:00:00,A,B1GQ,CP_MEUR,NL,2016,708337.0,
ESTAT:TEC00001(1.0),27/01/23 11:00:00,A,B1GQ,CP_MEUR,NL,2017,738146.0,
ESTAT:TEC00001(1.0),27/01/23 11:00:00,A,B1GQ,CP_MEUR,NL,2018,773987.0,
ESTAT:TEC00001(1.0),27/01/23 11:00:00,A,B1GQ,CP_MEUR,NL,2019,813055.0,
ESTAT:TEC00001(1.0),27/01/23 11:00:00,A,B1GQ,CP_MEUR,NL,2020,796530.0,
ESTAT:TEC00001(1.0),27/01/23 11:00:00,A,B1GQ,CP_MEUR,NL,2021,856356.0,p
ESTAT:TEC00001(1.0),27/01/23 11:00:00,A,B1GQ,CP_MEUR,NO,2011,360552.4,
ESTAT:TEC00001(1.0),27/01/23 11:00:00,A,B1GQ,CP_MEUR,NO,2012,399069.2,
ESTAT:TEC00001(1.0),27/01/23 11:00:00,A,B1GQ,CP_MEUR,NO,2013,395856.8,
ESTAT:TEC00001(1.0),27/01/23 11:00:00,A,B1GQ,CP_MEUR,NO,2014,378456.4,
ESTAT:TEC00001(1.0),27/01/23 11:00:00,A,B1GQ,CP_MEUR,NO,2015,349756.7,
ESTAT:TEC00001(1.0),27/01/23 11:00:00,A,B1GQ,CP_MEUR,NO,2016,335396.5,
ESTAT:TEC00001(1.0),27/01/23 11:00:00,A,B1GQ,CP_MEUR,NO,2017,356288.5,
ESTAT:TEC00001(1.0),27/01/23 11:00:00,A,B1GQ,CP_MEUR,NO,2018,372657.6,
ESTAT:TEC00001(1.0),27/01/23 11:00:00,A,B1GQ,CP_MEUR,NO,2019,365130.5,
ESTAT:TEC00001(1.0),27/01/23 11:00:00,A,B1GQ,CP_MEUR,NO,2020,322823.8,
ESTAT:TEC00001(1.0),27/01/23 11:00:00,A,B1GQ,CP_MEUR,NO,2021,414187.3,
ESTAT:TEC00001(1.0),27/01/23 11:00:00,A,B1GQ,CP_MEUR,PL,2011,377042.4,
ESTAT:TEC00001(1.0),27/01/23 11:00:00,A,B1GQ,CP_MEUR,PL,2012,385389.4,
ESTAT:TEC00001(1.0),27/01/23 11:00:00,A,B1GQ,CP_MEUR,PL,2013,388356.4,
ESTAT:TEC00001(1.0),27/01/23 11:00:00,A,B1GQ,CP_MEUR,PL,2014,406412.5,
ESTAT:TEC00001(1.0),27/01/23 11:00:00,A,B1GQ,CP_MEUR,PL,2015,429834.6,
ESTAT:TEC00001(1.0),27/01/23 11:00:00,A,B1GQ,CP_MEUR,PL,2016,424735.3,
ESTAT:TEC00001(1.0),27/01/23 11:00:00,A,B1GQ,CP_MEUR,PL,2017,465772.6,
ESTAT:TEC00001(1.0),27/01/23 11:00:00,A,B1GQ,CP_MEUR,PL,2018,499004.1,
ESTAT:TEC00001(1.0),27/01/23 11:00:00,A,B1GQ,CP_MEUR,PL,2019,532504.7,
ESTAT:TEC00001(1.0),27/01/23 11:00:00,A,B1GQ,CP_MEUR,PL,2020,526147.2,
ESTAT:TEC00001(1.0),27/01/23 11:00:00,A,B1GQ,CP_MEUR,PL,2021,574771.8,
ESTAT:TEC00001(1.0),27/01/23 11:00:00,A,B1GQ,CP_MEUR,PT,2011,176096.2,
ESTAT:TEC00001(1.0),27/01/23 11:00:00,A,B1GQ,CP_MEUR,PT,2012,168295.6,
ESTAT:TEC00001(1.0),27/01/23 11:00:00,A,B1GQ,CP_MEUR,PT,2013,170492.3,
ESTAT:TEC00001(1.0),27/01/23 11:00:00,A,B1GQ,CP_MEUR,PT,2014,173053.7,
ESTAT:TEC00001(1.0),27/01/23 11:00:00,A,B1GQ,CP_MEUR,PT,2015,179713.2,
ESTAT:TEC00001(1.0),27/01/23 11:00:00,A,B1GQ,CP_MEUR,PT,2016,186489.8,
ESTAT:TEC00001(1.0),27/01/23 11:00:00,A,B1GQ,CP_MEUR,PT,2017,195947.2,
ESTAT:TEC00001(1.0),27/01/23 11:00:00,A,B1GQ,CP_MEUR,PT,2018,205184.1,
ESTAT:TEC00001(1.0),27/01/23 11:00:00,A,B1GQ,CP_MEUR,PT,2019,214374.6,
ESTAT:TEC00001(1.0),27/01/23 11:00:00,A,B1GQ,CP_MEUR,PT,2020,200518.9,
ESTAT:TEC00001(1.0),27/01/23 11:00:00,A,B1GQ,CP_MEUR,PT,2021,214470.7,p
ESTAT:TEC00001(1.0),27/01/23 11:00:00,A,B1GQ,CP_MEUR,RO,2011,138520.7,
ESTAT:TEC00001(1.0),27/01/23 11:00:00,A,B1GQ,CP_MEUR,RO,2012,139319.8,
ESTAT:TEC00001(1.0),27/01/23 11:00:00,A,B1GQ,CP_MEUR,RO,2013,142928.9,
ESTAT:TEC00001(1.0),27/01/23 11:00:00,A,B1GQ,CP_MEUR,RO,2014,150522.4,
ESTAT:TEC00001(1.0),27/01/23 11:00:00,A,B1GQ,CP_MEUR,RO,2015,160287.8,
ESTAT:TEC00001(1.0),27/01/23 11:00:00,A,B1GQ,CP_MEUR,RO,2016,167494.3,
ESTAT:TEC00001(1.0),27/01/23 11:00:00,A,B1GQ,CP_MEUR,RO,2017,186399.0,
ESTAT:TEC00001(1.0),27/01/23 11:00:00,A,B1GQ,CP_MEUR,RO,2018,206071.9,
ESTAT:TEC00001(1.0),27/01/23 11:00:00,A,B1GQ,CP_MEUR,RO,2019,224178.6,
ESTAT:TEC00001(1.0),27/01/23 11:00:00,A,B1GQ,CP_MEUR,RO,2020,220486.6,
ESTAT:TEC00001(1.0),27/01/23 11:00:00,A,B1GQ,CP_MEUR,RO,2021,241268.4,p
ESTAT:TEC00001(1.0),27/01/23 11:00:00,A,B1GQ,CP_MEUR,RS,2011,35431.7,
ESTAT:TEC00001(1.0),27/01/23 11:00:00,A,B1GQ,CP_MEUR,RS,2012,33679.3,
ESTAT:TEC00001(1.0),27/01/23 11:00:00,A,B1GQ,CP_MEUR,RS,2013,36426.7,
ESTAT:TEC00001(1.0),27/01/23 11:00:00,A,B1GQ,CP_MEUR,RS,2014,35467.5,
ESTAT:TEC00001(1.0),27/01/23 11:00:00,A,B1GQ,CP_MEUR,RS,2015,35740.2,
ESTAT:TEC00001(1.0),27/01/23 11:00:00,A,B1GQ,CP_MEUR,RS,2016,36779.3,
ESTAT:TEC00001(1.0),27/01/23 11:00:00,A,B1GQ,CP_MEUR,RS,2017,39235.3,
ESTAT:TEC00001(1.0),27/01/23 11:00:00,A,B1GQ,CP_MEUR,RS,2018,42892.2,
ESTAT:TEC00001(1.0),27/01/23 11:00:00,A,B1GQ,CP_MEUR,RS,2019,46005.4,
ESTAT:TEC00001(1.0),27/01/23 11:00:00,A,B1GQ,CP_MEUR,RS,2020,46815.3,
ESTAT:TEC00001(1.0),27/01/23 11:00:00,A,B1GQ,CP_MEUR,RS,2021,53329.3,p
ESTAT:TEC00001(1.0),27/01/23 11:00:00,A,B1GQ,CP_MEUR,SE,2011,412844.7,
ESTAT:TEC00001(1.0),27/01/23 11:00:00,A,B1GQ,CP_MEUR,SE,2012,430037.1,
ESTAT:TEC00001(1.0),27/01/23 11:00:00,A,B1GQ,CP_MEUR,SE,2013,441850.7,
ESTAT:TEC00001(1.0),27/01/23 11:00:00,A,B1GQ,CP_MEUR,SE,2014,438833.9,
ESTAT:TEC00001(1.0),27/01/23 11:00:00,A,B1GQ,CP_MEUR,SE,2015,455494.7,
ESTAT:TEC00001(1.0),27/01/23 11:00:00,A,B1GQ,CP_MEUR,SE,2016,466266.5,
ESTAT:TEC00001(1.0),27/01/23 11:00:00,A,B1GQ,CP_MEUR,SE,2017,480025.5,
ESTAT:TEC00001(1.0),27/01/23 11:00:00,A,B1GQ,CP_MEUR,SE,2018,470673.1,
ESTAT:TEC00001(1.0),27/01/23 11:00:00,A,B1GQ,CP_MEUR,SE,2019,476869.5,
ESTAT:TEC00001(1.0),27/01/23 11:00:00,A,B1GQ,CP_MEUR,SE,2020,480556.4,
ESTAT:TEC00001(1.0),27/01/23 11:00:00,A,B1GQ,CP_MEUR,SE,2021,537085.0,
ESTAT:TEC00001(1.0),27/01/23 11:00:00,A,B1GQ,CP_MEUR,SI,2011,37058.6,
ESTAT:TEC00001(1.0),27/01/23 11:00:00,A,B1GQ,CP_MEUR,SI,2012,36253.3,
ESTAT:TEC00001(1.0),27/01/23 11:00:00,A,B1GQ,CP_MEUR,SI,2013,36454.3,
ESTAT:TEC00001(1.0),27/01/23 11:00:00,A,B1GQ,CP_MEUR,SI,2014,37634.3,
ESTAT:TEC00001(1.0),27/01/23 11:00:00,A,B1GQ,CP_MEUR,SI,2015,38852.6,
ESTAT:TEC00001(1.0),27/01/23 11:00:00,A,B1GQ,CP_MEUR,SI,2016,40443.2,
ESTAT:TEC00001(1.0),27/01/23 11:00:00,A,B1GQ,CP_MEUR,SI,2017,43011.3,
ESTAT:TEC00001(1.0),27/01/23 11:00:00,A,B1GQ,CP_MEUR,SI,2018,45876.3,
ESTAT:TEC00001(1.0),27/01/23 11:00:00,A,B1GQ,CP_MEUR,SI,2019,48533.1,
ESTAT:TEC00001(1.0),27/01/23 11:00:00,A,B1GQ,CP_MEUR,SI,2020,47020.6,
ESTAT:TEC00001(1.0),27/01/23 11:00:00,A,B1GQ,CP_MEUR,SI,2021,52208.1,
ESTAT:TEC00001(1.0),27/01/23 11:00:00,A,B1GQ,CP_MEUR,SK,2011,71785.8,
ESTAT:TEC00001(1.0),27/01/23 11:00:00,A,B1GQ,CP_MEUR,SK,2012,73649.3,
ESTAT:TEC00001(1.0),27/01/23 11:00:00,A,B1GQ,CP_MEUR,SK,2013,74492.8,
ESTAT:TEC00001(1.0),27/01/23 11:00:00,A,B1GQ,CP_MEUR,SK,2014,76354.5,
ESTAT:TEC00001(1.0),27/01/23 11:00:00,A,B1GQ,CP_MEUR,SK,2015,80126.0,
ESTAT:TEC00001(1.0),27/01/23 11:00:00,A,B1GQ,CP_MEUR,SK,2016,81265.2,
ESTAT:TEC00001(1.0),27/01/23 11:00:00,A,B1GQ,CP_MEUR,SK,2017,84669.9,
ESTAT:TEC00001(1.0),27/01/23 11:00:00,A,B1GQ,CP_MEUR,SK,2018,89874.7,
ESTAT:TEC00001(1.0),27/01/23 11:00:00,A,B1GQ,CP_MEUR,SK,2019,94437.5,
ESTAT:TEC00001(1.0),27/01/23 11:00:00,A,B1GQ,CP_MEUR,SK,2020,93413.8,
ESTAT:TEC00001(1.0),27/01/23 11:00:00,A,B1GQ,CP_MEUR,SK,2021,98523.0,
ESTAT:TEC00001(1.0),27/01/23 11:00:00,A,B1GQ,CP_MEUR,TR,2011,600961.4,
ESTAT:TEC00001(1.0),27/01/23 11:00:00,A,B1GQ,CP_MEUR,TR,2012,683587.3,
ESTAT:TEC00001(1.0),27/01/23 11:00:00,A,B1GQ,CP_MEUR,TR,2013,719726.6,
ESTAT:TEC00001(1.0),27/01/23 11:00:00,A,B1GQ,CP_MEUR,TR,2014,707000.8,
ESTAT:TEC00001(1.0),27/01/23 11:00:00,A,B1GQ,CP_MEUR,TR,2015,777042.3,
ESTAT:TEC00001(1.0),27/01/23 11:00:00,A,B1GQ,CP_MEUR,TR,2016,785618.9,
ESTAT:TEC00001(1.0),27/01/23 11:00:00,A,B1GQ,CP_MEUR,TR,2017,760497.1,
ESTAT:TEC00001(1.0),27/01/23 11:00:00,A,B1GQ,CP_MEUR,TR,2018,658544.4,
ESTAT:TEC00001(1.0),27/01/23 11:00:00,A,B1GQ,CP_MEUR,TR,2019,678180.0,
ESTAT:TEC00001(1.0),27/01/23 11:00:00,A,B1GQ,CP_MEUR,TR,2020,626742.2,
ESTAT:TEC00001(1.0),27/01/23 11:00:00,A,B1GQ,CP_MEUR,TR,2021,689546.5,
ESTAT:TEC00001(1.0),27/01/23 11:00:00,A,B1GQ,CP_MEUR,UK,2011,1912869.3,
ESTAT:TEC00001(1.0),27/01/23 11:00:00,A,B1GQ,CP_MEUR,UK,2012,2111028.9,
ESTAT:TEC00001(1.0),27/01/23 11:00:00,A,B1GQ,CP_MEUR,UK,2013,2096338.0,
ESTAT:TEC00001(1.0),27/01/23 11:00:00,A,B1GQ,CP_MEUR,UK,2014,2311080.2,
ESTAT:TEC00001(1.0),27/01/23 11:00:00,A,B1GQ,CP_MEUR,UK,2015,2644716.5,
ESTAT:TEC00001(1.0),27/01/23 11:00:00,A,B1GQ,CP_MEUR,UK,2016,2434119.2,
ESTAT:TEC00001(1.0),27/01/23 11:00:00,A,B1GQ,CP_MEUR,UK,2017,2359789.9,
ESTAT:TEC00001(1.0),27/01/23 11:00:00,A,B1GQ,CP_MEUR,UK,2018,2420897.2,
ESTAT:TEC00001(1.0),27/01/23 11:00:00,A,B1GQ,CP_MEUR,UK,2019,2526615.2,
ESTAT:TEC00001(1.0),27/01/23 11:00:00,A,B1GQ,CP_MEUR,XK,2011,4555.9,
ESTAT:TEC00001(1.0),27/01/23 11:00:00,A,B1GQ,CP_MEUR,XK,2012,4797.3,
ESTAT:TEC00001(1.0),27/01/23 11:00:00,A,B1GQ,CP_MEUR,XK,2013,5071.3,
ESTAT:TEC00001(1.0),27/01/23 11:00:00,A,B1GQ,CP_MEUR,XK,2014,5325.1,
ESTAT:TEC00001(1.0),27/01/23 11:00:00,A,B1GQ,CP_MEUR,XK,2015,5674.4,
ESTAT:TEC00001(1.0),27/01/23 11:00:00,A,B1GQ,CP_MEUR,XK,2016,6037.3,
ESTAT:TEC00001(1.0),27/01/23 11:00:00,A,B1GQ,CP_MEUR,XK,2017,6356.5,
ESTAT:TEC00001(1.0),27/01/23 11:00:00,A,B1GQ,CP_MEUR,XK,2018,6671.5,
ESTAT:TEC00001(1.0),27/01/23 11:00:00,A,B1GQ,CP_MEUR,XK,2019,7056.2,
ESTAT:TEC00001(1.0),27/01/23 11:00:00,A,B1GQ,CP_MEUR,XK,2020,6771.6,
ESTAT:TEC00001(1.0),27/01/23 11:00:00,A,B1GQ,CP_MEUR,XK,2021,7957.9,
